DATE,CPD_ID,SERIES_ID,SMILES,pEC50
2002-11-08,CPD_0,Aryloxyacetic_acid,Cc1cc(SCc2sc(-c3ccc(S(F)(F)(F)(F)F)cc3)nc2C)ccc1OCC(=O)O,9.097233654703686
2003-11-05,CPD_1,Aryloxyacetic_acid,O=C(O)COc1ccc2c(ccn2Cc2sc(-c3ccc(C(F)(F)F)cc3)nc2CCc2ccccc2)c1,5.975352753515758
2003-12-04,CPD_2,Aryloxyacetic_acid,CCCCc1nc(-c2ccc(C(F)(F)F)cc2)sc1Cn1ccc2cc(OCC(=O)O)ccc21,6.898478603819881
2003-12-04,CPD_3,Aryloxyacetic_acid,CC(C)(C)c1nc(-c2ccc(C(F)(F)F)cc2)sc1Cn1ccc2cc(OCC(=O)O)ccc21,6.170125354275355
2004-01-23,CPD_4,Aryloxyacetic_acid,Cc1cc(S(=O)(=O)Cc2sc(-c3ccc(C(F)(F)F)cc3)nc2C)ccc1OCC(=O)O,5.9993123199325336
2004-03-25,CPD_5,Aryloxyacetic_acid,CCCCc1nc(-c2ccc(C(F)(F)F)cc2)sc1Cn1cc(CC#N)c2cc(OCC(=O)O)ccc21,5.523601302485833
2004-06-17,CPD_6,Aryloxyacetic_acid,C=CCc1c(OCC(=O)O)ccc2c1ccn2Cc1sc(-c2ccc(C(F)(F)F)cc2)nc1CCCC,7.938531566028939
2004-06-17,CPD_7,Aryloxyacetic_acid,CCCCc1nc(-c2ccc(C(F)(F)F)cc2)sc1Cn1ccc2c(CCC)c(OCC(=O)O)ccc21,7.8964208585028945
2004-07-15,CPD_8,Oxadiazolone,CCCCc1nc(-c2ccc(S(F)(F)(F)(F)F)cc2)sc1COc1ccc(-c2noc(=O)[nH]2)c(Cl)c1,7.9186348870529555
2004-07-15,CPD_9,Oxadiazolone,Cc1nc(-c2ccc(C(F)(F)F)cc2)sc1COCc1ccc(-c2noc(=O)[nH]2)cc1,5.820272195268631
2004-08-24,CPD_10,Thiadiazole,COc1ccc(C(=O)NCCc2ccc(S(=O)(=O)Nc3nnc(C(C)C)s3)cc2)cc1,5.588409954254847
2004-08-31,CPD_11,Oxadiazolone,C=CCCc1nc(-c2ccc(C(F)(F)F)cc2)sc1COc1ccc(-c2noc(=O)[nH]2)c(Cl)c1,8.414244910787545
2004-09-01,CPD_12,Thiadiazole,Cc1nc(-c2ccc(C(F)(F)F)cc2)sc1CN(c1nnc(C(C)C)s1)S(=O)(=O)c1ccc(O)cc1,6.274691775795891
2004-09-01,CPD_13,Oxadiazolone,CCCCc1nc(-c2ccc(C(F)(F)F)cc2)sc1COc1ccc(-c2noc(=O)[nH]2)c(Br)c1,8.846977604167948
2004-09-01,CPD_14,Oxadiazolone,CCCCc1nc(-c2ccc(C(F)(F)F)cc2)sc1COc1ccc(-c2noc(=O)[nH]2)c(SC)c1,7.8242618834032065
2004-09-06,CPD_15,Oxadiazolone,Cc1sc(-c2ccc(S(F)(F)(F)(F)F)cc2)nc1CCOc1ccc(-c2noc(=O)[nH]2)c(Cl)c1,6.52959081815768
2004-09-06,CPD_16,Thiadiazole,Cc1ccc(Cl)cc1C(=O)NCCc1ccc(S(=O)(=O)Nc2nnc(C3CC3)s2)cc1,4.95170961041419
2004-09-06,CPD_17,Thiadiazole,Cc1ccc(Cl)cc1C(=O)NCCc1ccc(S(=O)(=O)Nc2nnc(C(C)C)s2)cc1,5.455618585886177
2004-09-06,CPD_18,Thiadiazole,O=C(NCCc1ccc(S(=O)(=O)Nc2nnc(-c3ccccc3)s2)cc1)c1cc(Cl)ccc1Cl,5.497003709285512
2004-09-06,CPD_19,Thiadiazole,O=C(NCCc1ccc(S(=O)(=O)Nc2nnc(C(F)(F)F)s2)cc1)c1cc(Cl)ccc1Cl,5.778107355743392
2004-09-24,CPD_20,Thiadiazole,COc1ccc(Cl)cc1C(=O)NCCc1ccc(S(=O)(=O)Nc2nnc(-c3ccccc3)s2)cc1,6.31640406998552
2004-09-24,CPD_21,Oxadiazolone,CCCCc1nc(-c2ccc(C(F)(F)F)cc2)sc1CSc1ccc(-c2noc(=O)[nH]2)cc1,7.805103921206258
2004-09-24,CPD_22,Thiadiazole,COc1cc(C(F)(F)F)ccc1C(=O)NCCc1ccc(S(=O)(=O)Nc2nnc(C(C)C)s2)cc1,6.942105170198462
2004-09-24,CPD_23,Thiadiazole,COc1cc(C)ccc1C(=O)NCCc1ccc(S(=O)(=O)Nc2nnc(C(C)C)s2)cc1,6.086539731800151
2004-09-24,CPD_24,Oxadiazolone,CCCCc1nc(-c2ccc(C(F)(F)F)cc2)sc1COc1cccc(CCc2n[nH]c(=O)o2)c1,5.196869656999237
2004-09-24,CPD_25,Oxadiazolone,CCCCc1nc(-c2ccc(C(F)(F)F)cc2)sc1COc1ccc(-c2noc(=O)[nH]2)c(S(C)=O)c1,5.6905172990784365
2004-09-24,CPD_26,Thiadiazole,Cc1sc(-c2ccc(C(F)(F)F)cc2)nc1CCOc1ccc(S(=O)(=O)Nc2nnc(C(F)(F)F)s2)cc1,5.5147966031100655
2004-09-24,CPD_27,Thiadiazole,COc1ccc(C(=O)NCCc2ccc(S(=O)(=O)Nc3nnc(C(C)C)s3)cc2)c(OC)c1,6.552966148056745
2004-09-24,CPD_28,Thiadiazole,COc1ccc(C)cc1C(=O)NCCc1ccc(S(=O)(=O)Nc2nnc(C(C)C)s2)cc1,6.277065726560202
2004-09-24,CPD_29,Oxadiazolone,CCCCc1nc(-c2ccc(C(F)(F)F)cc2)sc1COc1ccc(-c2noc(=O)[nH]2)c(S(C)(=O)=O)c1,6.29338657283163
2004-09-24,CPD_30,Thiadiazole,COc1ccc(C(C)(C)C)cc1C(=O)NCCc1ccc(S(=O)(=O)Nc2nnc(C(C)C)s2)cc1,6.3875332378500245
2004-09-24,CPD_31,Thiadiazole,CC(C)c1nnc(NS(=O)(=O)c2ccc(CNC(=O)c3ccc(C(F)(F)F)cc3)cc2)s1,6.153974458647696
2004-09-24,CPD_32,Aryloxyacetic_acid,CCCCc1nc(-c2ccc(C(F)(F)F)cc2)sc1Cn1ccc2c(C)c(OCC(=O)O)ccc21,8.507196703746075
2004-09-24,CPD_33,Thiadiazole,COc1ccc(Cl)cc1C(=O)NCCc1ccc(S(=O)(=O)Nc2nnc(C(F)(F)F)s2)cc1,6.328391219033034
2004-09-24,CPD_34,Aryloxyacetic_acid,CCCCc1nc(-c2ccc(C(F)(F)F)cc2)sc1Cn1ccc2cc(OCC(=O)O)cnc21,6.40846457841684
2004-09-24,CPD_35,Thiadiazole,CC(C)c1nnc(NS(=O)(=O)c2ccc(CCN3C(=O)c4ccc(C(C)(C)C)cc4C3=O)cc2)s1,5.085348113584487
2004-09-24,CPD_36,Thiadiazole,Cc1oc(-c2ccc(C(F)(F)F)cc2)nc1CCOc1ccc(S(=O)(=O)Nc2nnc(C(C)C)s2)cc1,5.576596952828205
2004-09-24,CPD_37,Aryloxyacetic_acid,CCCCc1nc(-c2ccc(C(F)(F)F)cc2)sc1Cn1ccc2c(CCC)c(OCC(=O)O)cnc21,6.874375377023543
2004-09-24,CPD_38,Thiadiazole,COc1ccc(C(=O)NCCc2ccc(S(=O)(=O)Nc3nnc(C(C)C)s3)cc2)c(OC)n1,6.004275700238786
2004-10-19,CPD_39,Thiadiazole,CCc1oc(-c2cccc(C(F)(F)F)c2)nc1COc1ccc(S(=O)(=O)Nc2nnc(C(C)C)s2)cc1,6.094446769644264
2004-10-19,CPD_40,Thiadiazole,COc1ccc(-c2nc(COc3ccc(S(=O)(=O)Nc4nnc(C(C)C)s4)cc3)co2)cc1,6.212199893414289
2004-10-19,CPD_41,Thiadiazole,Cc1oc(-c2ccc(OC(F)(F)F)cc2)nc1COc1ccc(S(=O)(=O)Nc2nnc(C(C)C)s2)cc1,6.041506813840523
2004-10-19,CPD_42,Thiadiazole,CCc1oc(-c2ccccc2C(F)(F)F)nc1COc1ccc(S(=O)(=O)Nc2nnc(C(C)C)s2)cc1,5.966659052551389
2004-11-04,CPD_43,Thiadiazole,COc1cc(Cl)ccc1C(=O)NCCc1ccc(S(=O)(=O)Nc2nnc(C(C)C)s2)cc1,6.355328669517787
2004-11-08,CPD_44,Oxadiazolone,CCCCc1nc(-c2ccc(C(F)(F)F)cc2)sc1CS(=O)c1ccc(-c2noc(=O)[nH]2)cc1,5.805658054566819
2004-11-08,CPD_45,Oxadiazolone,CCCCc1nc(-c2ccc(C(F)(F)F)cc2)sc1CS(=O)(=O)c1ccc(-c2noc(=O)[nH]2)cc1,5.965850576593563
2004-12-06,CPD_46,Thiadiazole,COc1ccc2oc(COc3ccc(S(=O)(=O)Nc4nnc(C(C)C)s4)cc3)cc2c1,6.250091473965109
2004-12-06,CPD_47,Oxadiazolone,CCCCc1nc(-c2ccc(C(F)(F)F)cc2)sc1COCc1ccc(-c2n[nH]c(=O)o2)c(F)c1,5.246597207230626
2004-12-06,CPD_48,Thiadiazole,Cc1oc(-c2ccc(Oc3ccccc3)cc2)nc1CN(c1nnc(C(C)C)s1)S(=O)(=O)c1ccc(O)cc1,6.574268092490735
2004-12-23,CPD_49,Oxadiazolone,CCCCN(Cc1ccc(-c2noc(=O)[nH]2)cc1)c1nc2ccc(Cl)cc2s1,6.084481228031203
2005-01-10,CPD_50,Oxadiazolone,CCCCN(CCc1ccc(-c2noc(=O)[nH]2)cc1)c1nc2ccc(Cl)cc2s1,6.342405542569249
2005-02-15,CPD_51,Oxadiazolone,COc1cc(OCc2sc(-c3ccc(C(F)(F)F)cc3)nc2CN2CCC(F)(F)CC2)ccc1-c1noc(=O)[nH]1,7.053123463747445
2005-02-15,CPD_52,Oxadiazolone,O=c1[nH]c(-c2ccc(OCc3sc(-c4ccc(C(F)(F)F)cc4)nc3COCCN3CCOCC3)cc2Cl)no1,7.4075306217563455
2005-02-16,CPD_53,Oxadiazolone,COCCN(CCOC)Cc1nc(-c2ccc(C(F)(F)F)cc2)sc1COc1ccc(-c2noc(=O)[nH]2)c(Cl)c1,8.725048539721827
2005-02-16,CPD_54,Oxadiazolone,COc1cc(OCc2sc(-c3ccc(C(F)(F)F)cc3)nc2CN2CCC(C(F)(F)F)CC2)ccc1-c1noc(=O)[nH]1,7.218047040359895
2005-02-16,CPD_55,Oxadiazolone,O=c1[nH]c(-c2ccc(OCc3sc(-c4ccc(C(F)(F)F)cc4)nc3CN3CCCC3)cc2Cl)no1,8.300818115641418
2005-02-16,CPD_56,Oxadiazolone,O=c1[nH]c(-c2ccc(OCc3sc(-c4ccc(C(F)(F)F)cc4)nc3CN3CCN(c4ccccc4)CC3)cc2Cl)no1,7.837513997572219
2005-02-16,CPD_57,Oxadiazolone,CCN(CCOC)Cc1nc(-c2ccc(C(F)(F)F)cc2)sc1COc1ccc(-c2noc(=O)[nH]2)c(Cl)c1,9.1642450430147
2005-02-21,CPD_58,Oxadiazolone,CCOCCOCc1nc(-c2ccc(C(F)(F)F)cc2)sc1COc1ccc(-c2noc(=O)[nH]2)c(Cl)c1,8.815941031266279
2005-02-21,CPD_59,Oxadiazolone,COCCOCc1nc(-c2ccc(C(F)(F)F)cc2)sc1COc1ccc(-c2noc(=O)[nH]2)c(Cl)c1,8.947487724307676
2005-02-21,CPD_60,Oxadiazolone,CCCCN(Cc1ccc(-c2noc(=O)[nH]2)c(F)c1)c1nc2ccc(Cl)cc2s1,6.315755406872375
2005-02-21,CPD_61,Oxadiazolone,O=c1[nH]c(-c2ccc(OCc3sc(-c4ccc(C(F)(F)F)cc4)nc3COCCC3CCCCC3)cc2Cl)no1,7.9216597948107
2005-02-21,CPD_62,Oxadiazolone,COc1cc(OCc2sc(-c3ccc(C(F)(F)F)cc3)nc2CN2CCOCC2)ccc1-c1noc(=O)[nH]1,6.5409281349934725
2005-02-21,CPD_63,Oxadiazolone,COCCN(CCOC)Cc1oc(-c2ccc(OC)cc2)nc1COc1ccc(-c2noc(=O)[nH]2)c(C)c1,6.013362987601793
2005-03-02,CPD_64,Thiadiazole,COc1ccc(C(=O)NCc2ccc(S(=O)(=O)Nc3nnc(C(C)C)s3)cc2)cc1,5.394681563009429
2005-03-02,CPD_65,Oxadiazolone,CN1CCN(Cc2nc(-c3ccc(C(F)(F)F)cc3)sc2COc2ccc(-c3noc(=O)[nH]3)c(Cl)c2)CC1,7.147430349821368
2005-03-02,CPD_66,Oxadiazolone,O=c1[nH]c(-c2ccc(OCc3sc(-c4ccc(C(F)(F)F)cc4)nc3CCC(O)CO)cc2Cl)no1,7.377195316227839
2005-03-02,CPD_67,Oxadiazolone,O=c1[nH]c(-c2ccc(OCc3sc(-c4ccc(C(F)(F)F)cc4)nc3CN3CCCCC3)cc2Cl)no1,8.233521410502693
2005-03-02,CPD_68,Oxadiazolone,O=c1[nH]c(-c2ccc(OCc3sc(-c4ccc(C(F)(F)F)cc4)nc3CN3CCC(F)(F)CC3)cc2Cl)no1,7.244319046917954
2005-03-15,CPD_69,Oxadiazolone,COc1ccc(-c2nc(COc3ccc(-c4noc(=O)[nH]4)c(Cl)c3)c(C)o2)cc1,6.915265531163911
2005-03-23,CPD_70,Oxadiazolone,CN(C)CCN(Cc1ccc(-c2noc(=O)[nH]2)c(F)c1)c1nc2ccc(C(F)(F)F)cc2s1,5.761033658167113
2005-03-23,CPD_71,Oxadiazolone,O=c1[nH]c(-c2ccc(CN(CCN3CCCC3)c3nc4ccc(C(F)(F)F)cc4s3)cc2F)no1,5.306467843964334
2005-03-23,CPD_72,Oxadiazolone,O=c1[nH]c(-c2ccc(CN(CCN3CCCCC3)c3nc4ccc(C(F)(F)F)cc4s3)cc2F)no1,5.441795034303528
2005-03-23,CPD_73,Oxadiazolone,O=c1[nH]c(-c2ccc(CN(CCN3CCOCC3)c3nc4ccc(C(F)(F)F)cc4s3)cc2F)no1,5.435431603080444
2005-04-06,CPD_74,Oxadiazolone,CCCCN(Cc1ccc(-c2noc(=O)[nH]2)cc1)c1nc2ccccc2o1,5.037860356969059
2005-04-06,CPD_75,Oxadiazolone,CCCCN(CCc1ccc(-c2noc(=O)[nH]2)cc1)c1nc2ccccc2o1,5.411881567451207
2005-04-25,CPD_76,Oxadiazolone,CCCCN(CCc1ccc(-c2noc(=O)[nH]2)cc1)c1nc(-c2ccc(OC)cc2)cs1,6.025050868714701
2005-04-25,CPD_77,Oxadiazolone,CCN(CC)Cc1nc(-c2ccc(OC)cc2)oc1COc1ccc(-c2noc(=O)[nH]2)c(C)c1,6.622350420636211
2005-04-25,CPD_78,Oxadiazolone,COc1ccc(-c2nc(COCCNC(C)=O)c(COc3ccc(-c4noc(=O)[nH]4)c(Cl)c3)o2)cc1,4.54117286383207
2005-04-28,CPD_79,Oxadiazolone,O=c1[nH]c(-c2ccc(CN(CCN3CCCCC3)c3nc4ccc(C(F)(F)F)cc4s3)cc2C(F)(F)F)no1,5.7418834664323
2005-04-28,CPD_80,Oxadiazolone,O=c1[nH]c(-c2ccc(CN(CCN3CCOCC3)c3nc4ccc(C(F)(F)F)cc4s3)cc2C(F)(F)F)no1,5.594688887617174
2005-04-28,CPD_81,Oxadiazolone,COc1ccc(-c2nc(COCc3ccccc3)c(COc3ccc(-c4noc(=O)[nH]4)c(C)c3)o2)cc1,7.731339800712259
2005-04-28,CPD_82,Oxadiazolone,COc1ccc(-c2nc(CN3CCCCC3)c(COc3ccc(-c4noc(=O)[nH]4)c(C)c3)o2)cc1,6.797158170823847
2005-04-28,CPD_83,Oxadiazolone,COc1ccc(-c2nc(CN3CCCC3)c(COc3ccc(-c4noc(=O)[nH]4)c(C)c3)o2)cc1,7.148148408945705
2005-04-28,CPD_84,Oxadiazolone,CN1CCCC1CCN(Cc1ccc(-c2noc(=O)[nH]2)c(C(F)(F)F)c1)c1nc2ccc(C(F)(F)F)cc2s1,5.23970566506453
2005-04-28,CPD_85,Oxadiazolone,Cc1nc(C2(C)CCCCC2)oc1COc1ccc(-c2noc(=O)[nH]2)c(Cl)c1,5.4615058187354455
2005-04-28,CPD_86,Oxadiazolone,CCN(CCOC)Cc1nc(-c2ccc(OC)cc2)oc1COc1ccc(-c2noc(=O)[nH]2)c(C)c1,7.399134642194459
2005-04-28,CPD_87,Oxadiazolone,COc1ccc(-c2nc(C)c(COc3ccc(-c4noc(=O)[nH]4)c(Cl)c3)s2)cc1,6.799694833659191
2005-04-28,CPD_88,Oxadiazolone,Cc1nc(-c2ccc(C(F)(F)F)cc2)oc1COc1ccc(-c2noc(=O)[nH]2)c(Cl)c1,8.124008159200667
2005-04-28,CPD_89,Oxadiazolone,CN(C)CCN(Cc1ccc(-c2noc(=O)[nH]2)c(C(F)(F)F)c1)c1nc2ccc(C(F)(F)F)cc2s1,6.03624792592687
2005-04-28,CPD_90,Oxadiazolone,CCCCN(CCc1ccc(-c2noc(=O)[nH]2)c(C)c1)c1nc2ccc(C(F)(F)F)cc2s1,8.052683443286758
2005-06-01,CPD_91,Oxadiazolone,COCCN(CCc1ccc(-c2noc(=O)[nH]2)cc1)c1nc(-c2ccc(Cl)cc2)cs1,6.225554939534343
2005-06-01,CPD_92,Oxadiazolone,COCCOCCN(CCc1ccc(-c2noc(=O)[nH]2)cc1)c1nc(-c2ccc(Cl)cc2)cs1,5.973499386573969
2005-06-01,CPD_93,Oxadiazolone,CCCCN(CCc1ccc(-c2noc(=O)[nH]2)cc1)c1nc(-c2ccc(Cl)cc2)cs1,6.072695710577471
2005-06-03,CPD_94,Aryloxyacetic_acid,CC(C)(Oc1ccc(CCNC(=O)c2ccc(Cl)cc2)cc1)C(=O)O,4.621891091140533
2005-06-03,CPD_95,Oxadiazolone,O=c1[nH]c(-c2ccc(OCc3sc(-c4ccc(C(F)(F)F)cc4)nc3CO)cc2F)no1,6.486534792266145
2005-06-03,CPD_96,Oxadiazolone,COCCN(CCc1ccc(-c2noc(=O)[nH]2)c(C)c1)c1nc2ccc(C(F)(F)F)cc2s1,7.766402411243285
2005-06-03,CPD_97,Oxadiazolone,COc1cc(OCc2sc(-c3ccc(C(F)(F)F)cc3)nc2CCCOCc2ccccc2)ccc1-c1noc(=O)[nH]1,8.514031267553115
2005-06-03,CPD_98,Oxadiazolone,COc1cc(OCc2sc(-c3ccc(C(F)(F)F)cc3)nc2CN2CCC(F)CC2)ccc1-c1noc(=O)[nH]1,6.8873285617447575
2005-06-03,CPD_99,Oxadiazolone,COCCOCCN(CCc1ccc(-c2noc(=O)[nH]2)c(C)c1)c1nc2ccc(C(F)(F)F)cc2s1,7.64446528385193
2005-06-03,CPD_100,Oxadiazolone,CC(=O)OCc1nc(-c2ccc(C(F)(F)F)cc2)sc1COc1ccc(-c2noc(=O)[nH]2)c(F)c1,6.5918142313157375
2005-06-03,CPD_101,Thiadiazole,Cc1ccc(Cl)cc1C(=O)NCCc1ccc(S(=O)(=O)Nc2nnc(C(C)(C)C)s2)cc1,5.45150431863939
2005-06-03,CPD_102,Thiadiazole,CC(C)c1nnc(NS(=O)(=O)c2ccc(OCc3coc(C4CCCCC4)n3)cc2)s1,5.72988036273685
2005-06-03,CPD_103,Thiadiazole,Cc1nc(-c2ccc(C(F)(F)F)cc2)sc1COc1ccc(S(=O)(=O)Nc2nnc(C(C)C)s2)cc1,6.392626801891685
2005-06-03,CPD_104,Thiadiazole,CC(C)c1nnc(NS(=O)(=O)c2ccc(OCc3ccc(Oc4ccc(C(F)(F)F)cc4)cc3)cc2)s1,5.786548228194596
2005-06-03,CPD_105,Thiadiazole,COc1ccc(-c2nc(COc3ccc(S(=O)(=O)Nc4nnc(C(C)C)s4)cc3)no2)cc1,6.533724477245135
2005-06-03,CPD_106,Oxadiazolone,CCN(CC)Cc1nc(-c2ccc(C(F)(F)F)cc2)sc1COc1ccc(-c2noc(=O)[nH]2)c(OC)c1,6.631669264024156
2005-06-03,CPD_107,Oxadiazolone,COCCCN(CCc1ccc(-c2noc(=O)[nH]2)c(C)c1)c1nc2ccc(C(F)(F)F)cc2s1,8.130561530053356
2005-06-03,CPD_108,Thiadiazole,CC(C)(C)c1nnc(NS(=O)(=O)c2ccc(CCNC(=O)c3cc(Cl)ccc3Cl)cc2)s1,5.564188955176604
2005-06-03,CPD_109,Thiadiazole,Cc1nc(-c2cccc(C(F)(F)F)c2)sc1COc1ccc(S(=O)(=O)Nc2nnc(C(C)C)s2)cc1,6.010960335677144
2005-06-03,CPD_110,Thiadiazole,COc1ccc(-c2nc(COc3ccc(S(=O)(=O)Nc4nnc(C(C)C)s4)cc3)c(C)o2)cc1,5.986414372197633
2005-06-03,CPD_111,Oxadiazolone,Cc1nc(C2CCCCC2)sc1COc1ccc(-c2noc(=O)[nH]2)c(Cl)c1,6.669054880108027
2005-06-03,CPD_112,Oxadiazolone,Cc1cc(CCN(CCOCc2ccccc2)c2nc3ccc(C(F)(F)F)cc3s2)ccc1-c1noc(=O)[nH]1,7.268857841724978
2005-06-03,CPD_113,Oxadiazolone,O=c1[nH]c(-c2ccc(CCN(CCOCc3ccccc3)c3nc(-c4ccc(Cl)cc4)cs3)cc2)no1,5.685968928409007
2005-06-03,CPD_114,Oxadiazolone,Cc1c(COc2ccc(-c3noc(=O)[nH]3)c(F)c2)sc(-c2ccc(C(F)(F)F)cc2)[n+]1[O-],5.934723472828028
2005-06-09,CPD_115,Oxadiazolone,CO[C@H]1CC[C@H](c2nc(C)c(COc3ccc(-c4noc(=O)[nH]4)c(Cl)c3)o2)CC1,5.902428839252428
2005-06-10,CPD_116,Oxadiazolone,Cc1cc(CCN(CC2CCOCC2)c2nc3ccc(C(F)(F)F)cc3s2)ccc1-c1noc(=O)[nH]1,7.831039363908545
2005-06-10,CPD_117,Oxadiazolone,Cc1nc([C@H]2CC[C@H](C(F)(F)F)CC2)oc1COc1ccc(-c2noc(=O)[nH]2)c(Cl)c1,6.488307027731583
2005-06-10,CPD_118,Oxadiazolone,O=c1[nH]c(-c2ccc(OCc3sc(-c4ccc(C(F)(F)F)cc4)nc3CN3CCOCC3)cc2F)no1,7.1373087276868015
2005-06-10,CPD_119,Oxadiazolone,O=c1[nH]c(-c2ccc(OCc3sc(-c4ccc(C(F)(F)F)cc4)nc3CN3CCCC3)cc2F)no1,7.346531654834782
2005-06-10,CPD_120,Oxadiazolone,Cc1cc(CCN(CCC2CCOCC2)c2nc3ccc(C(F)(F)F)cc3s2)ccc1-c1noc(=O)[nH]1,8.110321818645971
2005-06-10,CPD_121,Oxadiazolone,O=c1[nH]c(-c2ccc(OCc3sc(-c4ccc(C(F)(F)F)cc4)nc3CN3CCC(F)(F)CC3)cc2F)no1,6.727738439706622
2005-06-10,CPD_122,Oxadiazolone,Cc1nc([C@H]2CC[C@@H](C(F)(F)F)CC2)oc1COc1ccc(-c2noc(=O)[nH]2)c(Cl)c1,5.446839190296005
2005-06-10,CPD_123,Oxadiazolone,CN1CCN(Cc2nc(-c3ccc(C(F)(F)F)cc3)sc2COc2ccc(-c3noc(=O)[nH]3)c(F)c2)CC1,6.389721506529056
2005-06-17,CPD_124,Oxadiazolone,COCc1nc([C@H]2CC[C@H](C(F)(F)F)CC2)oc1COc1ccc(-c2noc(=O)[nH]2)c(Cl)c1,7.463369908922929
2005-06-17,CPD_125,Oxadiazolone,COCc1nc(C(C)(C)C)oc1COc1ccc(-c2noc(=O)[nH]2)c(Cl)c1,5.482731523580636
2005-06-17,CPD_126,Oxadiazolone,COCc1nc([C@H]2CC[C@@H](C(F)(F)F)CC2)oc1COc1ccc(-c2noc(=O)[nH]2)c(Cl)c1,5.67260092909445
2005-06-17,CPD_127,Oxadiazolone,COCc1nc(C(C)C)oc1COc1ccc(-c2noc(=O)[nH]2)c(Cl)c1,5.892944703849299
2005-06-17,CPD_128,Oxadiazolone,Cc1nc(COCc2ccccc2)oc1COc1ccc(-c2noc(=O)[nH]2)c(Cl)c1,6.448878904686391
2005-06-17,CPD_129,Oxadiazolone,Cc1nc(-c2ccc(C3CCCCC3)cc2)oc1COc1ccc(-c2noc(=O)[nH]2)c(Cl)c1,7.592633513351449
2005-06-17,CPD_130,Oxadiazolone,O=c1[nH]c(-c2ccc(OCc3sc(-c4ccc(C(F)(F)F)cc4)nc3CN3CCC(C(F)(F)F)CC3)cc2F)no1,7.5094685975833295
2005-07-01,CPD_131,Oxadiazolone,Cc1nc(C2CCN(S(=O)(=O)C(F)(F)F)CC2)sc1COc1ccc(-c2noc(=O)[nH]2)c(Cl)c1,5.621502037781449
2005-07-05,CPD_132,Oxadiazolone,CN(CCO)Cc1nc(-c2ccc(C(F)(F)F)cc2)sc1COc1ccc(-c2noc(=O)[nH]2)c(F)c1,6.803917635033347
2005-07-05,CPD_133,Oxadiazolone,O=c1[nH]c(-c2ccc(OCc3sc(-c4ccc(C(F)(F)F)cc4)nc3CCCO)cc2F)no1,7.552738238428689
2005-07-05,CPD_134,Oxadiazolone,COc1cc(OCc2sc(-c3ccc(C(F)(F)F)cc3)nc2CO)ccc1-c1noc(=O)[nH]1,6.62212168517133
2005-07-25,CPD_135,Thiadiazole,CC(C)c1nnc(NS(=O)(=O)c2ccc(CCNC(=O)Nc3ccccc3)cc2)s1,4.481486060122112
2005-07-25,CPD_136,Thiadiazole,CC(C)c1nnc(NS(=O)(=O)c2ccc(CCNC(=O)c3cc(Cl)ccc3Cl)cc2)s1,5.454962730785645
2005-07-25,CPD_137,Thiadiazole,COc1ccc2c(COc3ccc(S(=O)(=O)Nc4nnc(C(C)C)s4)cc3)coc2c1,5.949457710714278
2005-07-25,CPD_138,Thiadiazole,COc1ccccc1Oc1ccc(COc2ccc(S(=O)(=O)Nc3nnc(C(C)C)s3)cc2)cc1,5.286023644490068
2005-07-25,CPD_139,Thiadiazole,Cc1oc(-c2ccc(-c3ccccc3)cc2)nc1COc1ccc(S(=O)(=O)Nc2nnc(C(C)C)s2)cc1,5.863563748094973
2005-07-25,CPD_140,Thiadiazole,COc1ccc(C)cc1C(=O)NCc1ccc(S(=O)(=O)Nc2nnc(C(C)C)s2)cc1,5.289078425735825
2005-07-25,CPD_141,Thiadiazole,CC(C)c1nnc(NS(=O)(=O)c2ccc(CNC(=O)c3ccc(C#N)cc3)cc2)s1,4.721410906090395
2005-07-25,CPD_142,Thiadiazole,COc1ccc(CNC(=O)NCCc2ccc(S(=O)(=O)Nc3nnc(C(C)C)s3)cc2)cc1,4.481486060122112
2005-07-25,CPD_143,Oxadiazolone,CCCCN(Cc1ccc(-c2noc(=O)[nH]2)cc1)c1nc(-c2ccc(OC)cc2)cs1,5.47826054129835
2005-07-25,CPD_144,Thiadiazole,Cc1nc(-c2ccc(C(F)(F)F)cc2)sc1C(=O)NC1Cc2ccc(S(=O)(=O)Nc3nnc(C(C)C)s3)cc2C1,5.861064257329103
2005-07-25,CPD_145,Thiadiazole,CCCCc1nc(-c2ccc(C(F)(F)F)cc2)sc1COc1ccc(S(=O)(=O)Nc2nnc(C(C)C)s2)cc1,5.516337575421658
2005-08-02,CPD_146,Thiadiazole,CCCOc1cc(C(F)(F)F)ccc1C(=O)NCCc1ccc(S(=O)(=O)Nc2nnc(C(C)C)s2)cc1,5.934370572795967
2005-08-02,CPD_147,Thiadiazole,CCOc1cc(C(F)(F)F)ccc1C(=O)NCCc1ccc(S(=O)(=O)Nc2nnc(C(C)C)s2)cc1,7.209207010770998
2005-08-02,CPD_148,Oxadiazolone,COCc1nc(-c2ccc(C(F)(F)F)cc2)oc1COc1ccc(-c2noc(=O)[nH]2)c(Cl)c1,9.506551686629887
2005-08-02,CPD_149,Thiadiazole,COc1cc(OC(F)(F)F)ccc1C(=O)NCCc1ccc(S(=O)(=O)Nc2nnc(C(C)C)s2)cc1,6.036810421066956
2005-08-02,CPD_150,Oxadiazolone,COCc1nc(/C=C/C2CCCCC2)sc1COc1ccc(-c2noc(=O)[nH]2)c(Cl)c1,6.434464356510466
2005-08-02,CPD_151,Oxadiazolone,COc1cc(OCc2sc(-c3ccc(C(F)(F)F)cc3)nc2CCCO)ccc1-c1noc(=O)[nH]1,7.907111930517439
2005-08-02,CPD_152,Oxadiazolone,COCc1nc(-c2ccc(C(F)(F)F)nc2)sc1COc1ccc(-c2noc(=O)[nH]2)c(Cl)c1,8.159692350427212
2005-08-04,CPD_153,Oxadiazolone,CCCCN(CCc1ccc(-c2noc(=O)[nH]2)c(C)c1)c1nc2ccc(Cl)cc2s1,7.695721174267176
2005-08-04,CPD_154,Oxadiazolone,COc1cc(OCc2sc(-c3ccc(C(F)(F)F)cc3)nc2C)c(Br)cc1-c1noc(=O)[nH]1,5.508443344261136
2005-08-04,CPD_155,Thiadiazole,Cc1ccc(Cl)cc1C(=O)NCCc1ccc(S(=O)(=O)Nc2nnc(-c3ccccc3)s2)cc1,5.234477781773078
2005-08-04,CPD_156,Thiadiazole,CCCCc1nc(-c2ccc(C(F)(F)F)cc2)sc1CN(c1nnc(C(C)C)s1)S(=O)(=O)c1ccc(O)cc1,5.736606211215981
2005-08-04,CPD_157,Oxadiazolone,Cc1cc(OCc2sc(-c3ccc(C(F)(F)F)cc3)nc2CNCCN2CCCC2)ccc1-c1noc(=O)[nH]1,5.620471089715072
2005-08-04,CPD_158,Oxadiazolone,Cc1cc(OCc2sc(-c3ccc(C(F)(F)F)cc3)nc2CNCCN2CCOCC2)ccc1-c1noc(=O)[nH]1,6.653396803592947
2005-08-12,CPD_159,Thiadiazole,CC(C)c1nnc(NS(=O)(=O)c2ccc(CCNC(=O)NCc3ccc(F)cc3)cc2)s1,4.635844139062471
2005-08-12,CPD_160,Thiadiazole,COc1ccc(C(F)(F)F)cc1C(=O)NCCc1ccc(S(=O)(=O)Nc2nnc(C(C)C)s2)cc1,6.033460330543915
2005-08-12,CPD_161,Thiadiazole,COc1ccc(Cl)cc1C(=O)NCCc1ccc(S(=O)(=O)Nc2nnc(C3CC3)s2)cc1,5.373352425546454
2005-08-12,CPD_162,Thiadiazole,COc1ccc(NC(=O)NCCc2ccc(S(=O)(=O)Nc3nnc(C(C)C)s3)cc2)cc1,4.481486060122112
2005-08-12,CPD_163,Oxadiazolone,COc1cc(OCc2sc(-c3ccc(C(F)(F)F)cc3)nc2CN2CCC(OC)CC2)ccc1-c1noc(=O)[nH]1,7.851750740634623
2005-08-12,CPD_164,Thiadiazole,O=C(NCCc1ccc(S(=O)(=O)Nc2nnc(C3CC3)s2)cc1)c1cc(Cl)ccc1Cl,4.995804447000189
2005-08-12,CPD_165,Thiadiazole,COc1c(C(=O)NCCc2ccc(S(=O)(=O)Nc3nnc(C(C)C)s3)cc2)ccc2ccccc12,5.439819822440931
2005-08-12,CPD_166,Oxadiazolone,Cc1nc(-c2ccc(C(F)(F)F)cc2)sc1C(Oc1ccc(-c2noc(=O)[nH]2)c(Cl)c1)c1ccccc1,9.00391435229605
2005-08-12,CPD_167,Thiadiazole,Cc1cccc(C)c1C(=O)NCCc1ccc(S(=O)(=O)Nc2nnc(C(C)C)s2)cc1,4.982861918847326
2005-08-12,CPD_168,Thiadiazole,CC(C)c1nnc(NS(=O)(=O)c2ccc(CCNC(=O)c3ccc(C#N)cc3)cc2)s1,5.0
2005-08-15,CPD_169,Oxadiazolone,Cc1cc(OCc2sc(-c3ccc(C(F)(F)F)cc3)nc2CNCCC2CCCN2C)ccc1-c1noc(=O)[nH]1,5.950287100779518
2005-08-15,CPD_170,Thiadiazole,CC(C)c1nnc(NS(=O)(=O)c2ccc(CNC(=O)c3cccc(Cl)c3)cc2)s1,4.915710477400529
2005-08-15,CPD_171,Thiadiazole,Cc1nc(-c2ccc(C(F)(F)F)cc2)sc1C(=O)NC1Cc2cccc(S(=O)(=O)Nc3nnc(C4CC4)s3)c2C1,5.481486060122112
2005-08-15,CPD_172,Thiadiazole,COc1ccc(Cl)cc1C(=O)NCCc1ccc(S(=O)(=O)Nc2nnc(C(C)C)s2)cc1,6.105600254704223
2005-08-15,CPD_173,Thiadiazole,CC(C)c1nnc(NS(=O)(=O)c2ccc(CCNC(=O)NCCc3ccccc3)cc2)s1,4.481486060122112
2005-08-15,CPD_174,Thiadiazole,Cc1cc(C)cc(C(=O)NCCc2ccc(S(=O)(=O)Nc3nnc(C(C)C)s3)cc2)c1,5.381206613542724
2005-08-15,CPD_175,Thiadiazole,CC(C)c1nnc(NS(=O)(=O)c2ccc(CCNC(=O)c3cccc(Cl)c3)cc2)s1,5.624032077318677
2005-08-15,CPD_176,Thiadiazole,Cc1nc(-c2ccc(C(F)(F)F)cc2)sc1C(=O)NC1Cc2ccc(S(=O)(=O)Nc3nnc(C4CC4)s3)cc2C1,5.714672431236822
2005-08-15,CPD_177,Thiadiazole,COc1ccc(OC(F)(F)F)cc1C(=O)NCCc1ccc(S(=O)(=O)Nc2nnc(C(C)C)s2)cc1,5.988154104537929
2005-08-15,CPD_178,Thiadiazole,CC(C)c1nnc(NS(=O)(=O)c2ccc(CNC(=O)Nc3ccc(C(F)(F)F)cc3)cc2)s1,5.022276394711152
2005-08-15,CPD_179,Oxadiazolone,Cc1oc(-c2ccc(-c3ccccc3)cc2)nc1COc1ccc(-c2noc(=O)[nH]2)c(Cl)c1,7.78331132046842
2005-08-15,CPD_180,Thiadiazole,Cc1cc(C)cc(C(=O)NCc2ccc(S(=O)(=O)Nc3nnc(C(C)C)s3)cc2)c1,4.657764429842112
2005-08-15,CPD_181,Oxadiazolone,COCc1nc(C2CCCC2)oc1COc1ccc(-c2noc(=O)[nH]2)c(Cl)c1,6.553356369732411
2005-08-22,CPD_182,Oxadiazolone,O=c1[nH]c(-c2ccc(OCc3sc(-c4ccc(C(F)(F)F)cc4)nc3CCCOCc3ccccc3)cc2F)no1,8.541097964295025
2005-08-22,CPD_183,Oxadiazolone,O=c1[nH]c(-c2ccc(CN(CCN3CCCC3)c3nc4ccc(C(F)(F)F)cc4s3)cc2C(F)(F)F)no1,5.258554111182347
2005-08-22,CPD_184,Oxadiazolone,Cc1nc(-c2ccc(C(F)(F)F)cc2)sc1C(CC(C)C)Oc1ccc(-c2noc(=O)[nH]2)c(Cl)c1,9.168069399309456
2005-08-22,CPD_185,Thiadiazole,COc1ccc(Cl)cc1C(=O)NCCc1ccc(S(=O)(=O)Nc2nnc(C(C)(C)C)s2)cc1,5.475183373544088
2005-08-22,CPD_186,Oxadiazolone,Cc1nc(-c2ccc(C(F)(F)F)cc2)sc1C(Cc1ccccc1)Oc1ccc(-c2noc(=O)[nH]2)c(Cl)c1,8.370144001574575
2005-08-29,CPD_187,Thiadiazole,CCOc1cc(C(F)(F)F)ccc1C(=O)NCC(C)c1ccc(S(=O)(=O)Nc2nnc(C(C)C)s2)cc1,7.967822767017306
2005-08-29,CPD_188,Thiadiazole,CCOc1cc(C(F)(F)F)ccc1C(=O)NCCc1ccc(S(=O)(=O)Nc2nnc(C(F)(F)F)s2)cc1,6.982758574453399
2005-08-29,CPD_189,Thiadiazole,CC(C)Oc1cc(C(F)(F)F)ccc1C(=O)NCCc1ccc(S(=O)(=O)Nc2nnc(C(C)C)s2)cc1,6.05019673221414
2005-08-29,CPD_190,Oxadiazolone,Cc1nc(-c2ccc(C(F)(F)F)cc2)sc1[C@@H](Cc1ccccc1)Oc1ccc(-c2noc(=O)[nH]2)c(Cl)c1,8.030370984800602
2005-09-05,CPD_191,Oxadiazolone,O=c1[nH]c(-c2ccc(OCc3sc(-c4ccc(C(F)(F)F)cc4)nc3CNCc3ccco3)cc2F)no1,7.619015636673788
2005-09-05,CPD_192,Oxadiazolone,O=c1[nH]c(-c2ccc(OCc3sc(-c4ccc(C(F)(F)F)cc4)nc3CNCc3ccc(F)cc3)cc2F)no1,6.826681716743934
2005-09-05,CPD_193,Thiadiazole,Cc1cccc(CNC(=O)NCCc2ccc(S(=O)(=O)Nc3nnc(C(C)C)s3)cc2)c1,4.481486060122112
2005-09-05,CPD_194,Oxadiazolone,Cc1nc(-c2ccc(C(F)(F)F)cc2)sc1[C@@H](C)Oc1ccc(-c2noc(=O)[nH]2)c(Cl)c1,9.44322251121207
2005-09-05,CPD_195,Oxadiazolone,COc1cc(OCc2sc(-c3ccc(C(F)(F)F)cc3)nc2CN[C@@H]2C[C@H]3CC[C@@H]2C3)ccc1-c1noc(=O)[nH]1,6.057713062341898
2005-09-05,CPD_196,Oxadiazolone,O=c1[nH]c(-c2ccc(OCc3sc(-c4ccc(C(F)(F)F)cc4)nc3CN3CCCC3CO)cc2F)no1,6.558484373785448
2005-09-05,CPD_197,Oxadiazolone,Cc1nc(-c2ccc(C(F)(F)F)cc2)sc1[C@@H](CC(C)C)Oc1ccc(-c2noc(=O)[nH]2)c(Cl)c1,9.52115151115914
2005-09-05,CPD_198,Oxadiazolone,O=c1[nH]c(-c2ccc(OCc3oc(-c4ccc(C(F)(F)F)cc4)nc3COCC(F)(F)F)cc2Cl)no1,8.639507099146657
2005-09-05,CPD_199,Thiadiazole,CCOc1cc(C(F)(F)F)ccc1C(=O)NCC(CC)c1ccc(S(=O)(=O)Nc2nnc(C(C)C)s2)cc1,8.797762511702965
2005-09-05,CPD_200,Oxadiazolone,Cc1nc(-c2ccc(C(F)(F)F)cc2)sc1[C@H](C)Oc1ccc(-c2noc(=O)[nH]2)c(Cl)c1,8.298502494249371
2005-09-05,CPD_201,Oxadiazolone,Cc1nc(-c2ccc(C(F)(F)F)cc2)sc1[C@H](CC(C)C)Oc1ccc(-c2noc(=O)[nH]2)c(Cl)c1,7.660200247610429
2005-09-05,CPD_202,Thiadiazole,CCOc1cc(C(F)(F)F)ccc1C(=O)NCCc1cc(S(=O)(=O)Nc2nnc(C(C)C)s2)ccc1Cl,5.692455296808797
2005-09-05,CPD_203,Oxadiazolone,CSCCCNCc1nc(-c2ccc(C(F)(F)F)cc2)sc1COc1ccc(-c2noc(=O)[nH]2)c(F)c1,6.806715199044876
2005-09-13,CPD_204,Thiadiazole,COc1ccc(NC(=O)NCc2ccc(S(=O)(=O)Nc3nnc(C(C)C)s3)cc2)cc1,4.481486060122112
2005-09-13,CPD_205,Oxadiazolone,COc1cc(OCc2sc(-c3ccc(C(F)(F)F)cc3)nc2CN(CCO)CCO)ccc1-c1noc(=O)[nH]1,6.190567003024168
2005-10-04,CPD_206,Oxadiazolone,CC[C@@H](Oc1ccc(-c2noc(=O)[nH]2)c(Cl)c1)c1sc(-c2ccc(C(F)(F)F)cc2)nc1C,9.871299770255815
2005-10-04,CPD_207,Oxadiazolone,Cc1nc(-c2ccc(C(F)(F)F)cc2)sc1C(CCc1ccccc1)Oc1ccc(-c2noc(=O)[nH]2)c(Cl)c1,8.886607022631676
2005-10-04,CPD_208,Oxadiazolone,CC[C@H](Oc1ccc(-c2noc(=O)[nH]2)c(Cl)c1)c1sc(-c2ccc(C(F)(F)F)cc2)nc1C,8.077850287918166
2005-10-04,CPD_209,Oxadiazolone,Cc1nc(-c2ccc(C(F)(F)F)cc2)oc1C(CCc1ccccc1)Oc1ccc(-c2noc(=O)[nH]2)c(Cl)c1,8.515279909205598
2005-10-04,CPD_210,Thiadiazole,CCOc1cc(C(F)(F)F)ccc1C(=O)NCCc1cc(S(=O)(=O)Nc2nnc(C(C)C)s2)ccc1C,6.1791227793404735
2005-10-05,CPD_211,Oxadiazolone,O=c1[nH]c(-c2ccc(OCc3sc(-c4ccc(C(F)(F)F)cc4)nc3CN3Cc4ccccc4C3)cc2F)no1,6.444524623094133
2005-10-05,CPD_212,Thiadiazole,CCOc1cc(C(F)(F)F)ccc1C(=O)NCCc1ccc(S(=O)(=O)Nc2nnc(C(F)F)s2)cc1,6.471829710062658
2005-10-05,CPD_213,Oxadiazolone,O=C1CN(Cc2nc(-c3ccc(C(F)(F)F)cc3)sc2COc2ccc(-c3noc(=O)[nH]3)c(F)c2)CCN1,5.536255651713228
2005-10-05,CPD_214,Oxadiazolone,COc1cc(OCc2sc(-c3ccc(C(F)(F)F)cc3)nc2CNCC2CC2)ccc1-c1noc(=O)[nH]1,6.150656162510849
2005-10-05,CPD_215,Oxadiazolone,COc1cc(OCc2sc(-c3ccc(C(F)(F)F)cc3)nc2CNC2CCC2)ccc1-c1noc(=O)[nH]1,6.275050522165413
2005-10-05,CPD_216,Oxadiazolone,COc1ccc(CNCc2nc(-c3ccc(C(F)(F)F)cc3)sc2COc2ccc(-c3noc(=O)[nH]3)c(F)c2)cc1,7.221063220236456
2005-10-05,CPD_217,Oxadiazolone,COc1cc(OCc2sc(-c3ccc(C(F)(F)F)cc3)nc2COC(C)=O)ccc1-c1noc(=O)[nH]1,7.052198206837789
2005-10-05,CPD_218,Thiadiazole,CC(C)c1nnc(NS(=O)(=O)c2ccc(CCNC(=O)c3ccc(C(F)(F)F)cc3OCC(F)(F)F)cc2)s1,5.592361067640348
2005-10-05,CPD_219,Oxadiazolone,Cc1nc(C2CCN(c3ccccc3)CC2)sc1COc1ccc(-c2noc(=O)[nH]2)c(Cl)c1,6.318462606900001
2005-10-14,CPD_220,Thiadiazole,CC(C)c1nnc(NS(=O)(=O)c2ccc(CCNC(=O)c3cccc4c3OCCO4)cc2)s1,4.958607314841775
2005-10-14,CPD_221,Thiadiazole,CC(C)c1nnc(NS(=O)(=O)c2ccc(CCNC(=O)c3ccc(F)cc3F)cc2)s1,6.267188848960627
2005-10-14,CPD_222,Thiadiazole,CC(C)c1nnc(NS(=O)(=O)c2ccc(CCNC(=O)c3ccc(Cl)cc3N)cc2)s1,5.379927031051847
2005-10-14,CPD_223,Thiadiazole,CC(C)c1nnc(NS(=O)(=O)c2ccc(CCNC(=O)c3ccc(Cl)cc3F)cc2)s1,6.587305534674808
2005-10-14,CPD_224,Oxadiazolone,CCN(CCOC)Cc1nc(-c2ccc(C(F)(F)F)cc2)sc1COc1ccc(-c2noc(=O)[nH]2)c(OC)c1,7.775421250414905
2005-10-14,CPD_225,Thiadiazole,CC(C)c1nnc(NS(=O)(=O)c2ccc(CCn3c(=O)[nH]c4cc(Cl)ccc4c3=O)cc2)s1,5.355002272852508
2005-10-14,CPD_226,Thiadiazole,CC(C)c1nnc(NS(=O)(=O)c2ccc(CCNC(=O)c3cccc4c3OCC4)cc2)s1,4.927509522234231
2005-10-14,CPD_227,Thiadiazole,Cc1cc(Br)c(C(=O)NCCc2ccc(S(=O)(=O)Nc3nnc(C(C)C)s3)cc2)s1,7.200648871019573
2005-10-14,CPD_228,Thiadiazole,CC(C)c1nnc(NS(=O)(=O)c2ccc(CCNC(=O)c3ccc(Cl)cc3Cl)cc2)s1,5.833215382470389
2005-10-14,CPD_229,Thiadiazole,CC(C)c1nnc(NS(=O)(=O)c2ccc(CCNC(=O)c3ccc(C(F)(F)F)cc3F)cc2)s1,6.372293509672601
2005-10-14,CPD_230,Thiadiazole,Cc1csc(C(=O)NCCc2ccc(S(=O)(=O)Nc3nnc(C(C)C)s3)cc2)c1Cl,5.795221130686475
2005-10-26,CPD_231,Oxadiazolone,COc1cc(OCc2sc(-c3ccc(C(F)(F)F)cc3)nc2CN2CCS(=O)(=O)CC2)ccc1-c1noc(=O)[nH]1,6.0320868758614905
2005-10-26,CPD_232,Oxadiazolone,COCCCC(Oc1ccc(-c2noc(=O)[nH]2)c(Cl)c1)c1sc(-c2ccc(C(F)(F)F)cc2)nc1C,9.379000536705064
2005-10-26,CPD_233,Oxadiazolone,CC(=O)NCCNCc1nc(-c2ccc(C(F)(F)F)cc2)sc1COc1ccc(-c2noc(=O)[nH]2)c(F)c1,5.727748558277639
2005-10-26,CPD_234,Oxadiazolone,COc1cc(OCc2sc(-c3ccc(C(F)(F)F)cc3)nc2CN2CCN(S(C)(=O)=O)CC2)ccc1-c1noc(=O)[nH]1,6.9400104148216215
2005-11-04,CPD_235,Thiadiazole,CC(C)c1nnc(NS(=O)(=O)c2ccc(CCNC(=O)c3cccc4c3OC(C)(C)C4)cc2)s1,4.481486060122112
2005-11-04,CPD_236,Oxadiazolone,COc1cc(OCc2sc(-c3ccc(C(F)(F)F)cc3)nc2CN2CCC(O)CC2)ccc1-c1noc(=O)[nH]1,6.469635709274184
2005-11-04,CPD_237,Oxadiazolone,CCOC(CCCOc1ccc(-c2noc(=O)[nH]2)c(Cl)c1)c1sc(-c2ccc(C(F)(F)F)cc2)nc1C,7.241575540566034
2005-11-04,CPD_238,Oxadiazolone,COc1cc(OCc2sc(-c3ccc(C(F)(F)F)cc3)nc2CCCS(C)(=O)=O)ccc1-c1noc(=O)[nH]1,7.700642195916528
2005-11-04,CPD_239,Oxadiazolone,O=c1[nH]c(-c2ccc(OCc3sc(-c4ccc(C(F)(F)F)cc4)nc3CN3C[C@H]4C[C@@H]3CN4)cc2F)no1,4.996298626177017
2005-11-04,CPD_240,Oxadiazolone,NCc1nc(-c2ccc(C(F)(F)F)cc2)sc1COc1ccc(-c2noc(=O)[nH]2)c(F)c1,5.723850577577903
2005-11-04,CPD_241,Oxadiazolone,Cc1nc(-c2ccc(C(F)(F)F)cc2)sc1C(CCCOc1ccc(-c2noc(=O)[nH]2)c(Cl)c1)OCc1ccccc1,5.913428380360058
2005-11-04,CPD_242,Oxadiazolone,CCOCCCC(Oc1ccc(-c2noc(=O)[nH]2)c(Cl)c1)c1sc(-c2ccc(C(F)(F)F)cc2)nc1C,8.287829324402555
2005-11-04,CPD_243,Oxadiazolone,Cc1nc(-c2ccc(C(F)(F)F)cc2)sc1C(CCCOCc1ccccc1)Oc1ccc(-c2noc(=O)[nH]2)c(Cl)c1,7.617734715588471
2005-11-21,CPD_244,Oxadiazolone,Cc1nc(-c2ccc(C(F)(F)F)cc2)sc1C(Oc1ccc(-c2noc(=O)[nH]2)c(Cl)c1)C(F)(F)F,9.39588233348524
2005-11-21,CPD_245,Thiadiazole,CCCC(=O)Nc1cc(Cl)ccc1C(=O)NCCc1ccc(S(=O)(=O)Nc2nnc(C(C)C)s2)cc1,5.436995238414775
2005-11-21,CPD_246,Oxadiazolone,CC[C@H](Oc1ccc(-c2noc(=O)[nH]2)c(OC)c1)c1sc(-c2ccc(C(F)(F)F)cc2)nc1C,7.002733155861187
2005-11-21,CPD_247,Thiadiazole,CC(C)c1nnc(NS(=O)(=O)c2ccc(CCn3cnc4cc(Cl)ccc4c3=O)cc2)s1,5.769188685277424
2005-11-21,CPD_248,Thiadiazole,CC(C)c1nnc(NS(=O)(=O)c2ccc(CCNc3ncc(Cl)cc3Cl)cc2)s1,8.197078409706831
2005-11-21,CPD_249,Thiadiazole,CC(C)c1nnc(NS(=O)(=O)c2ccc(CCNc3ncc(C(F)(F)F)cc3Cl)cc2)s1,8.755290309098505
2005-11-21,CPD_250,Thiadiazole,CCOc1cc(C(F)(F)F)ccc1C(=O)NC[C@@H](C)c1ccc(S(=O)(=O)Nc2nnc(C(C)C)s2)cc1,7.652008001355261
2005-11-21,CPD_251,Thiadiazole,CCOc1cc(C(F)(F)F)ccc1C(=O)NC[C@H](C)c1ccc(S(=O)(=O)Nc2nnc(C(C)C)s2)cc1,7.370661067396771
2005-11-21,CPD_252,Thiadiazole,CC(C)c1nnc(NS(=O)(=O)c2ccc(CCNC(=O)c3ccc(C(F)(F)F)cc3C(F)(F)F)cc2)s1,5.442443638200371
2005-11-21,CPD_253,Oxadiazolone,COc1cc(OCc2sc(-c3ccc(C(F)(F)F)cc3)nc2CN2CCC(O)(O)CC2)ccc1-c1noc(=O)[nH]1,6.521024744080598
2005-11-21,CPD_254,Thiadiazole,CC(C)c1nnc(NS(=O)(=O)c2ccc(CCNc3ncccc3C(F)(F)F)cc2)s1,6.259542963484978
2005-11-25,CPD_255,Oxadiazolone,Cc1nc(-c2ccc(C(F)(F)F)cc2)sc1C(Cc1ccc(F)cc1)Oc1ccc(-c2noc(=O)[nH]2)c(Cl)c1,7.605567772036611
2005-11-25,CPD_256,Oxadiazolone,Cc1nc(-c2ccc(C(F)(F)F)cc2)sc1C(Cc1ccccn1)Oc1ccc(-c2noc(=O)[nH]2)c(Cl)c1,8.353745440690105
2005-11-30,CPD_257,Oxadiazolone,COc1cc(OCc2sc(-c3ccc(C(F)(F)F)cc3)nc2CCCN2CCSCC2)ccc1-c1noc(=O)[nH]1,7.442851316871238
2005-11-30,CPD_258,Oxadiazolone,O=c1[nH]c(Cc2ccc(OCCc3coc(-c4ccccc4)n3)cc2)no1,5.714191495434407
2005-11-30,CPD_259,Oxadiazolone,CCCCc1nc(-c2ccc(C(F)(F)F)cc2)sc1COc1ccc(-c2noc(=O)[nH]2)c(OCC(F)(F)F)c1,7.5121986946200865
2005-12-02,CPD_260,Thiadiazole,CCOCCC(CNC(=O)c1ccc(C(F)(F)F)cc1OCC)c1ccc(S(=O)(=O)Nc2nnc(C(C)C)s2)cc1,7.80253088980391
2005-12-12,CPD_261,Thiadiazole,CCOc1cc(C(F)(F)F)ccc1C(=O)N[C@H]1CCc2ccc(S(=O)(=O)Nc3nnc(C(C)C)s3)cc2C1,6.229059906393155
2005-12-12,CPD_262,Thiadiazole,CC(C)c1nnc(NS(=O)(=O)c2ccc(CCNC(=O)c3ccccc3OC(F)(F)F)cc2)s1,5.734633120387348
2005-12-12,CPD_263,Thiadiazole,CC(C)c1nnc(NS(=O)(=O)c2ccc(CCNC(=O)Cc3ccc(Cl)cc3Cl)cc2)s1,5.444897283566194
2005-12-12,CPD_264,Thiadiazole,CCOc1cc(C(F)(F)F)ccc1C(=O)NC1Cc2ccc(S(=O)(=O)Nc3nnc(C(C)C)s3)cc2C1,9.129137996413524
2005-12-12,CPD_265,Thiadiazole,CC(C)c1nnc(NS(=O)(=O)c2ccc(CCNC(=O)c3ccc(C(F)(F)F)c(F)c3F)cc2)s1,6.470216378344112
2005-12-12,CPD_266,Oxadiazolone,CCC(Oc1ccc(-c2noc(=O)[nH]2)c(COCC(F)(F)F)c1)c1sc(-c2ccc(C(F)(F)F)cc2)nc1C,8.76855888203276
2005-12-12,CPD_267,Thiadiazole,CC(C)c1nnc(NS(=O)(=O)c2ccc(CCNC(=O)c3ccc(Cl)cc3C(F)(F)F)cc2)s1,5.542573853425865
2005-12-12,CPD_268,Thiadiazole,CC(=O)NCC1CCCc2ccc(S(=O)(=O)Nc3nnc(C(C)C)s3)cc21,4.481486060122112
2005-12-12,CPD_269,Oxadiazolone,CCC(Oc1ccc(-c2noc(=O)[nH]2)c(Br)c1)c1sc(-c2ccc(C(F)(F)F)cc2)nc1C,9.457942744245956
2005-12-12,CPD_270,Thiadiazole,CC(C)c1nnc(NS(=O)(=O)c2ccc(CCNc3ccc(C(F)(F)F)cn3)cc2)s1,7.2559538730769
2005-12-19,CPD_271,Oxadiazolone,O=c1[nH]c(-c2ccc(OCc3sc([C@H]4CC[C@H](C(F)(F)F)CC4)nc3CCCOCc3ccccc3)cc2Cl)no1,8.826549469468963
2005-12-19,CPD_272,Oxadiazolone,CCc1cc(OC(CC)c2sc(-c3ccc(C(F)(F)F)cc3)nc2C)ccc1-c1noc(=O)[nH]1,9.876509918108988
2005-12-19,CPD_273,Oxadiazolone,CCOCc1cc(OC(CC)c2sc(-c3ccc(C(F)(F)F)cc3)nc2C)ccc1-c1noc(=O)[nH]1,9.288466208029735
2005-12-19,CPD_274,Oxadiazolone,CCC(F)(F)C(Oc1ccc(-c2noc(=O)[nH]2)c(Cl)c1)c1sc(-c2ccc(C(F)(F)F)cc2)nc1C,9.192479901964456
2005-12-19,CPD_275,Oxadiazolone,CCCCC(Cc1ccc(-c2noc(=O)[nH]2)c(F)c1)c1sc(-c2ccc(C(F)(F)F)cc2)nc1C,9.247537880023438
2005-12-19,CPD_276,Thiadiazole,CCOc1cc(C(F)(F)F)ccc1C(=O)NC[C@@H](CC)c1ccc(S(=O)(=O)Nc2nnc(C(C)C)s2)cc1,8.517694256212698
2005-12-19,CPD_277,Thiadiazole,CCOc1cc(C(F)(F)F)ccc1C(=O)NC[C@H](CC)c1ccc(S(=O)(=O)Nc2nnc(C(C)C)s2)cc1,8.674775776204623
2005-12-19,CPD_278,Oxadiazolone,CCC(Oc1ccc(-c2noc(=O)[nH]2)c(-c2ccc(F)cc2)c1)c1sc(-c2ccc(C(F)(F)F)cc2)nc1C,9.471825901251108
2005-12-19,CPD_279,Oxadiazolone,CCC(Oc1ccc(-c2noc(=O)[nH]2)c(COC)c1)c1sc(-c2ccc(C(F)(F)F)cc2)nc1C,9.412567860089457
2005-12-19,CPD_280,Oxadiazolone,CCC(Oc1ccc(-c2noc(=O)[nH]2)c(C2CC2)c1)c1sc(-c2ccc(C(F)(F)F)cc2)nc1C,9.371434874465407
2005-12-20,CPD_281,Oxadiazolone,O=c1[nH]c(-c2ccc(OCc3sc(-c4ccc(C(F)(F)F)nc4)nc3CCCOCc3ccccc3)cc2Cl)no1,9.747001083271565
2006-01-04,CPD_282,Oxadiazolone,CCC(Oc1ccc(-c2noc(=O)[nH]2)c(O)c1)c1sc(-c2ccc(C(F)(F)F)cc2)nc1C,7.777003730166544
2006-01-13,CPD_283,Oxadiazolone,Cc1nc([C@H]2CC[C@H](C(F)(F)F)CC2)sc1C(Oc1ccc(-c2noc(=O)[nH]2)c(Cl)c1)C(F)(F)F,8.072669049956081
2006-01-13,CPD_284,Thiadiazole,CC(C)c1nnc(NS(=O)(=O)c2ccc(C3(CNc4ncc(C(F)(F)F)cc4Cl)CCCC3)cc2)s1,7.771200079319324
2006-01-13,CPD_285,Thiadiazole,CCOc1cc(C(F)(F)F)ccc1C(=O)N[C@@H]1CCC[C@@H]1c1ccc(S(=O)(=O)Nc2nnc(C(C)C)s2)cc1,6.657163305679111
2006-01-13,CPD_286,Oxadiazolone,Cc1nc(-c2ccc(C(F)(F)F)cc2)sc1C(OCc1ccc(-c2noc(=O)[nH]2)c2ccccc12)C(F)(F)F,8.44395698086329
2006-01-13,CPD_287,Thiadiazole,CCOc1cc(C(F)(F)F)ccc1C(=O)N[C@@H]1CCC[C@H]1c1ccc(S(=O)(=O)Nc2nnc(C(C)C)s2)cc1,7.584613989310669
2006-01-13,CPD_288,Oxadiazolone,CCC(OCc1ccc(-c2noc(=O)[nH]2)c(F)c1)c1sc(-c2ccc(C(F)(F)F)cc2)nc1C,7.76293879929368
2006-01-13,CPD_289,Thiadiazole,CCOc1cc(C(F)(F)F)ccc1C(=O)NCC1CCCc2ccc(S(=O)(=O)Nc3nnc(C(C)C)s3)cc21,5.821165518064968
2006-01-13,CPD_290,Thiadiazole,CC(C)c1nnc(NS(=O)(=O)c2ccc3c(c2)C(CNc2ncc(C(F)(F)F)cc2Cl)CCC3)s1,5.799816189480895
2006-01-13,CPD_291,Thiadiazole,CC(C)c1nnc(NS(=O)(=O)c2ccc([C@@H]3CCC[C@H]3Nc3ncc(C(F)(F)F)cc3Cl)cc2)s1,7.181161773537091
2006-01-13,CPD_292,Thiadiazole,CCOc1cc(C(F)(F)F)ccc1C(=O)NCC1(c2ccc(S(=O)(=O)Nc3nnc(C(C)C)s3)cc2)CCCC1,7.7377753089984225
2006-01-13,CPD_293,Oxadiazolone,CCC(Oc1ccc(-c2noc(=O)[nH]2)c(OC)c1)c1sc([C@H]2CC[C@H](C(F)(F)F)CC2)nc1C,7.6975076264370275
2006-01-13,CPD_294,Oxadiazolone,Cc1sc(-c2ccc(Cl)cc2Cl)nc1COc1ccc(-c2noc(=O)[nH]2)c(Cl)c1,7.475751452656792
2006-01-13,CPD_295,Thiadiazole,CC(C)c1nnc(NS(=O)(=O)c2ccc(CNc3ncc(C(F)(F)F)cc3Cl)cc2)s1,6.196448262220495
2006-01-13,CPD_296,Thiadiazole,CC(C)c1nnc(NS(=O)(=O)c2ccc3c(c2)CC(Nc2ncc(C(F)(F)F)cc2Cl)C3)s1,6.311364110396512
2006-01-13,CPD_297,Thiadiazole,CC(C)c1nnc(NS(=O)(=O)c2ccc3c(c2)C[C@@H](Nc2ncc(C(F)(F)F)cc2Cl)CC3)s1,5.427615636113108
2006-01-13,CPD_298,Oxadiazolone,CCCCc1nc(-c2ccc(C(F)(F)F)cc2)sc1COc1ccc(-c2noc(=O)[nH]2)c(C)n1,8.215538472167603
2006-01-13,CPD_299,Thiadiazole,CC(C)c1nnc(NS(=O)(=O)c2ccc([C@@H]3CCC[C@@H]3Nc3ncc(C(F)(F)F)cc3Cl)cc2)s1,8.495956429118895
2006-01-13,CPD_300,Oxadiazolone,Cc1nc(-c2ccc(C(F)(F)F)nc2)sc1C(OCc1ccc(-c2noc(=O)[nH]2)c(Cl)n1)C(F)(F)F,7.08349050283182
2006-01-13,CPD_301,Oxadiazolone,CCC(OCc1ccc(-c2noc(=O)[nH]2)c2ccccc12)c1sc(-c2ccc(C(F)(F)F)cc2)nc1C,7.828291233070688
2006-01-13,CPD_302,Thiadiazole,CC(C)c1nnc(NS(=O)(=O)c2ccc(C3(CNc4ncc(Cl)cc4Cl)CCCC3)cc2)s1,7.298192254851241
2006-01-13,CPD_303,Oxadiazolone,Cc1nc(-c2ccc(C(F)(F)F)nc2)sc1C(Cc1ccc(F)cc1)Oc1ccc(-c2noc(=O)[nH]2)c(Cl)c1,7.829756590214628
2006-01-23,CPD_304,Oxadiazolone,Cc1nc(-c2ccc(C(F)(F)F)cc2)sc1C(OCc1ccc(-c2noc(=O)[nH]2)c(Cl)n1)C(F)(F)F,7.813168282180384
2006-01-23,CPD_305,Oxadiazolone,Cc1nc([C@H]2CC[C@H](C(F)(F)F)CC2)sc1COc1ccc(-c2noc(=O)[nH]2)c(F)c1,6.088613180791276
2006-01-23,CPD_306,Oxadiazolone,Cc1nc(-c2ccc(C(F)(F)F)nc2)sc1C(OCc1ccc(-c2noc(=O)[nH]2)cc1)C(F)(F)F,7.717964420343279
2006-01-23,CPD_307,Oxadiazolone,CCC(OCc1ccc(-c2noc(=O)[nH]2)cc1)c1sc(-c2ccc(C(F)(F)F)cc2)nc1C,7.740754147753365
2006-01-23,CPD_308,Oxadiazolone,Cc1nc(-c2ccc(C(F)(F)F)cc2)sc1[C@H](Cc1ccc(F)cc1)Oc1ccc(-c2noc(=O)[nH]2)c(Cl)c1,7.827591429570763
2006-01-23,CPD_309,Oxadiazolone,Cc1nc(-c2ccc(C(F)(F)F)cc2)sc1[C@@H](Cc1ccc(F)cc1)Oc1ccc(-c2noc(=O)[nH]2)c(Cl)c1,5.850922840201184
2006-02-20,CPD_310,Oxadiazolone,Cc1nc([C@H]2CC[C@H](C(F)(F)F)CC2)sc1[C@@H](Cc1ccccc1)Oc1ccc(-c2noc(=O)[nH]2)c(Cl)c1,5.3269987910812935
2006-02-20,CPD_311,Oxadiazolone,O=c1[nH]c(-c2ccc(S(=O)(=O)N3CCN(c4ccc(Cl)cc4)CC3)cc2Cl)no1,5.2290283944813565
2006-02-20,CPD_312,Oxadiazolone,O=C(c1nc([C@H]2CC[C@H](C(F)(F)F)CC2)sc1COc1ccc(-c2noc(=O)[nH]2)c(F)c1)N1CCC(C(F)(F)F)CC1,4.921543181946707
2006-02-20,CPD_313,Oxadiazolone,Cc1nc(-c2ccc(C(F)(F)F)cc2)sc1COc1cc(F)ccc1-c1noc(=O)[nH]1,5.406058424825747
2006-02-20,CPD_314,Oxadiazolone,CC[C@@H](Oc1ccc(-c2noc(=O)[nH]2)c(OCC(F)(F)F)c1)c1sc(-c2ccc(C(F)(F)F)cc2)nc1C,9.011378995528146
2006-02-20,CPD_315,Oxadiazolone,CCC(Oc1ccc(-c2noc(=O)[nH]2)c(F)c1)c1sc([C@H]2CC[C@H](C(F)(F)F)CC2)nc1C(=O)N1CCC(C(F)(F)F)CC1,5.743282097437528
2006-02-20,CPD_316,Oxadiazolone,O=c1[nH]c(-c2ccc(S(=O)(=O)N3CCN(c4ccc(C(F)(F)F)cc4)CC3)cc2Cl)no1,5.657739158683657
2006-02-20,CPD_317,Oxadiazolone,Cc1nc(-c2ccc(C(F)(F)F)cc2)sc1[C@@H](OCc1ccc(-c2noc(=O)[nH]2)c(F)c1)C(F)(F)F,6.462586294705461
2006-02-20,CPD_318,Oxadiazolone,Cc1nc(-c2ccc(C(F)(F)F)cc2)sc1[C@H](OCc1ccc(-c2noc(=O)[nH]2)c(F)c1)C(F)(F)F,8.260889328116521
2006-02-20,CPD_319,Oxadiazolone,Cc1nc([C@H]2CC[C@H](C(F)(F)F)CC2)sc1COc1ccc(-c2noc(=O)[nH]2)c(OCC(F)(F)F)c1,6.119110864571174
2006-02-20,CPD_320,Oxadiazolone,CCC(Oc1cc(OC)c(-c2noc(=O)[nH]2)cc1F)c1sc([C@H]2CC[C@H](C(F)(F)F)CC2)nc1C,8.073543628800888
2006-03-17,CPD_321,Oxadiazolone,Cc1nc(-c2ccc(C(F)(F)F)nc2)sc1[C@H](OCc1ccc(-c2noc(=O)[nH]2)c(F)c1)C(F)(F)F,8.283833061377356
2006-03-17,CPD_322,Oxadiazolone,Cc1nc(-c2ccc(C(F)(F)F)nc2)sc1[C@@H](OCc1ccc(-c2noc(=O)[nH]2)c(F)c1)C(F)(F)F,6.536560770730568
2006-03-24,CPD_323,Oxadiazolone,Cc1nc(-c2ccc(C(F)(F)F)cc2)sc1C(OCc1ccc(-c2noc(=O)[nH]2)c(C2CC2)c1)C(F)(F)F,8.853739895573309
2006-03-24,CPD_324,Oxadiazolone,Cc1nc([C@H]2CC[C@H](C(F)(F)F)CC2)sc1C(Cc1ccccn1)Oc1ccc(-c2noc(=O)[nH]2)c(Cl)c1,6.48084903727776
2006-03-24,CPD_325,Oxadiazolone,CC[C@H](Oc1cc(OC)c(-c2noc(=O)[nH]2)cc1F)c1sc(-c2ccc(C(F)(F)F)cc2)nc1C,7.812979027599006
2006-03-24,CPD_326,Oxadiazolone,Cc1nc(C2CCC(C(F)(F)F)CC2)sc1C(OCc1ccc(-c2noc(=O)[nH]2)c(C2CC2)c1)C(F)(F)F,7.063648605778743
2006-03-24,CPD_327,Oxadiazolone,CCC(F)(F)C(OCc1ccc(-c2noc(=O)[nH]2)cc1)c1sc(-c2ccc(C(F)(F)F)nc2)nc1C,7.090164305049069
2006-03-24,CPD_328,Thiadiazole,O=S(=O)(Nc1nnc(C(F)(F)F)s1)c1ccc(Br)cc1,4.481486060122112
2006-03-24,CPD_329,Oxadiazolone,Cc1nc(-c2ccc(C(F)(F)F)nc2)sc1C(OCc1ccc(-c2noc(=O)[nH]2)c(C2CC2)c1)C(F)(F)F,8.57519294095619
2006-03-24,CPD_330,Oxadiazolone,CC[C@H](Oc1ccc(-c2noc(=O)[nH]2)c(OC)c1)c1sc([C@H]2CC[C@H](C(F)(F)F)CC2)nc1C,7.088491754365394
2006-03-24,CPD_331,Oxadiazolone,O=c1[nH]c(-c2ccc(S(=O)(=O)N3CCc4ccc(-c5ccc(C(F)(F)F)cc5)cc4C3)cc2Cl)no1,7.830522546907127
2006-03-24,CPD_332,Oxadiazolone,CCC(Oc1cc(OC)c(-c2noc(=O)[nH]2)cc1F)c1sc(-c2ccc(C(F)(F)F)cc2)nc1C,8.475044682449104
2006-03-24,CPD_333,Thiadiazole,CCOc1cc(C(F)(F)F)ccc1C(=O)NCc1ccc(S(=O)(=O)Nc2nnc(C(C)C)s2)cc1,6.40214646337594
2006-03-29,CPD_334,Oxadiazolone,CC(C)Oc1cc(OCc2sc(-c3ccc(C(F)(F)F)cc3)nc2CN2CCC(C(F)(F)F)CC2)ccc1-c1noc(=O)[nH]1,5.8357378719216495
2006-03-29,CPD_335,Oxadiazolone,CCC(Oc1ccc(-c2noc(=O)[nH]2)c(F)c1)c1sc(-c2ccc(C(F)(F)F)cc2)nc1C,8.379639992225192
2006-03-29,CPD_336,Oxadiazolone,Cc1nc(-c2ccc(C(F)(F)F)cc2)sc1C(OCc1ccc(-c2noc(=O)[nH]2)c(Cl)c1)C(F)(F)F,7.318011076912836
2006-03-29,CPD_337,Thiadiazole,CC(C)c1nnc(NS(=O)(=O)c2ccc(CCCNc3ncc(C(F)(F)F)cc3Cl)cc2)s1,6.247465268480945
2006-03-29,CPD_338,Oxadiazolone,Cc1nc([C@H]2CC[C@H](C(F)(F)F)CC2)sc1C(OCc1ccc(-c2noc(=O)[nH]2)c(Cl)c1)C(F)(F)F,6.286871926465754
2006-03-29,CPD_339,Thiadiazole,CC(C)c1nnc(NS(=O)(=O)c2ccc3c(c2)C[C@H](Nc2ncc(C(F)(F)F)cc2Cl)CC3)s1,6.555221942901714
2006-03-29,CPD_340,Thiadiazole,CCOc1cc(C(F)(F)F)ccc1C(=O)N[C@@H]1CCc2ccc(S(=O)(=O)Nc3nnc(C(C)C)s3)cc2C1,6.305929776442629
2006-03-29,CPD_341,Oxadiazolone,CC[C@H](Oc1ccc(-c2noc(=O)[nH]2)c(F)c1)c1sc([C@H]2CC[C@H](C(F)(F)F)CC2)nc1C,6.133806756116679
2006-03-29,CPD_342,Oxadiazolone,CC[C@@H](Oc1ccc(-c2noc(=O)[nH]2)c(F)c1)c1sc([C@H]2CC[C@H](C(F)(F)F)CC2)nc1C,7.334783719543784
2006-03-31,CPD_343,Oxadiazolone,O=c1[nH]c(-c2ccc(S(=O)(=O)N3CCc4cc(-c5ccc(C(F)(F)F)cc5)ccc43)cc2Cl)no1,8.493580527545717
2006-03-31,CPD_344,Oxadiazolone,CCC(F)(F)C(OCc1ccc(-c2noc(=O)[nH]2)c2ccccc12)c1sc(-c2ccc(C(F)(F)F)nc2)nc1C,8.592218611990676
2006-03-31,CPD_345,Oxadiazolone,Cc1nc(-c2ccc(C(F)(F)F)nc2)sc1C(OCc1ccc(-c2noc(=O)[nH]2)c(Cl)c1)C(F)(F)F,7.5349902698359
2006-04-21,CPD_346,Oxadiazolone,Cc1nc(-c2ccc(C(F)(F)F)cc2)sc1COc1cc(OC(F)F)c(-c2noc(=O)[nH]2)cc1F,6.655028067019483
2006-04-21,CPD_347,Oxadiazolone,CCC(Oc1ccc(-c2noc(=O)[nH]2)c(OC(F)F)c1)c1sc([C@H]2CC[C@H](C(F)(F)F)CC2)nc1CN1CCC(C(F)(F)F)CC1,8.448521431983483
2006-04-21,CPD_348,Thiadiazole,CC(C)c1nnc(NS(=O)(=O)c2ccc3c(c2)CC(CNc2ncc(C(F)(F)F)cc2Cl)C3)s1,6.46809387893178
2006-04-21,CPD_349,Thiadiazole,CC(C)c1nnc(NS(=O)(=O)c2ccc(C3(CNc4ncc(C(F)(F)F)cc4Cl)CCCCC3)cc2)s1,8.199086040956738
2006-04-21,CPD_350,Oxadiazolone,O=c1[nH]c(-c2cc(F)c(OCc3sc(-c4ccc(C(F)(F)F)cc4)nc3CN3CCC(C(F)(F)F)CC3)cc2OCC(F)(F)F)no1,7.743393308707349
2006-04-21,CPD_351,Oxadiazolone,CCC(Oc1cc(OC)c(-c2noc(=O)[nH]2)cc1F)c1sc([C@H]2CC[C@H](C(F)(F)F)CC2)nc1CN1CCC(C(F)(F)F)CC1,7.530798221972394
2006-04-24,CPD_352,Oxadiazolone,CCC(F)(F)C(OCc1ccc(-c2noc(=O)[nH]2)c2cccnc12)c1sc(-c2ccc(C(F)(F)F)nc2)nc1C,8.466449260804083
2006-04-24,CPD_353,Thiadiazole,CCOc1cc(C(F)(F)F)ccc1C(=O)NCC1Cc2ccc(S(=O)(=O)Nc3nnc(C(C)C)s3)cc2C1,6.350799976104014
2006-04-24,CPD_354,Oxadiazolone,CCC(F)(F)C(OCc1ccc(-c2noc(=O)[nH]2)c(Cl)c1)c1sc(-c2ccc(C(F)(F)F)nc2)nc1C,8.1016570746614
2006-05-10,CPD_355,Oxadiazolone,CCC(Oc1ccc(-c2noc(=O)[nH]2)c(OC(F)F)c1)c1sc(-c2ccc(C(F)(F)F)cc2)nc1C,9.703830403640946
2006-05-10,CPD_356,Thiadiazole,O=S(=O)(Nc1nnc(C(F)F)s1)c1ccc(CCNc2ncc(Cl)cc2Cl)cc1,6.9333785971436175
2006-05-11,CPD_357,Oxadiazolone,COc1cc(OCc2sc([C@H]3CC[C@H](C(F)(F)F)CC3)nc2CN2CCC(C(F)(F)F)CC2)ccc1-c1noc(=O)[nH]1,6.303988735636088
2006-05-11,CPD_358,Oxadiazolone,CCC(Oc1ccc(-c2noc(=O)[nH]2)c(F)c1)c1sc([C@H]2CC[C@H](C(F)(F)F)CC2)nc1CN1CCC(C(F)(F)F)CC1,7.046363827881878
2006-05-11,CPD_359,Oxadiazolone,CCC(Oc1ccc(-c2noc(=O)[nH]2)c(OC)c1)c1sc([C@H]2CC[C@H](C(F)(F)F)CC2)nc1CN1CCC(C(F)(F)F)CC1,6.625124101396028
2006-05-11,CPD_360,Oxadiazolone,CCC(Oc1cc(OCC(F)(F)F)c(-c2noc(=O)[nH]2)cc1F)c1sc(-c2ccc(C(F)(F)F)cc2)nc1CN1CCC(C(F)(F)F)CC1,9.002360454044732
2006-05-11,CPD_361,Oxadiazolone,CCC(Oc1cc(OCC(F)(F)F)c(-c2noc(=O)[nH]2)cc1F)c1sc([C@H]2CC[C@H](C(F)(F)F)CC2)nc1CN1CCC(C(F)(F)F)CC1,8.116946509329853
2006-05-11,CPD_362,Oxadiazolone,O=c1[nH]c(-c2ccc(OCc3sc(-c4ccc(C(F)(F)F)cc4)nc3CN3CCC(C(F)(F)F)CC3)cc2OC(F)F)no1,8.374877959730982
2006-05-11,CPD_363,Oxadiazolone,CC[C@H](Oc1ccc(-c2noc(=O)[nH]2)c(F)c1)c1sc(-c2ccc(C(F)(F)F)cc2)nc1C,8.656524936757794
2006-05-11,CPD_364,Thiadiazole,CCOc1cc(C(F)(F)F)ccc1C(=O)NC1Cc2ccc(S(=O)(=O)Nc3nnc(C(F)(F)F)s3)cc2C1,7.611371774682404
2006-05-11,CPD_365,Oxadiazolone,O=c1[nH]c(-c2cc(F)c(OCc3sc([C@H]4CC[C@H](C(F)(F)F)CC4)nc3CN3CCC(C(F)(F)F)CC3)cc2OC(F)F)no1,7.149222797853826
2006-05-11,CPD_366,Oxadiazolone,CCC(Oc1ccc(-c2noc(=O)[nH]2)c(OC(F)F)c1)c1sc(-c2ccc(C(F)(F)F)cc2)nc1CN1CCC(C(F)(F)F)CC1,9.419992666240498
2006-05-31,CPD_367,Oxadiazolone,CC[C@H](Oc1ccc(-c2noc(=O)[nH]2)c(OC(F)F)c1)c1sc(-c2ccc(C(F)(F)F)cc2)nc1CN1CCC(C(F)(F)F)CC1,7.064810044193976
2006-05-31,CPD_368,Oxadiazolone,CC[C@H](Oc1cc(OCC(F)(F)F)c(-c2noc(=O)[nH]2)cc1F)c1sc(-c2ccc(C(F)(F)F)cc2)nc1C,8.151128831176568
2006-05-31,CPD_369,Oxadiazolone,Cc1nc(-c2cccc(C(F)(F)F)c2)sc1COc1ccc(-c2nc(=O)o[nH]2)c(Cl)c1,5.596853385899742
2006-05-31,CPD_370,Oxadiazolone,COc1cc(OCc2sc([C@H]3CC[C@H](C(F)(F)F)CC3)nc2CN2CCC(C(F)(F)F)CC2)c(F)cc1-c1noc(=O)[nH]1,6.478957880516952
2006-05-31,CPD_371,Oxadiazolone,Cc1nc(-c2ccccc2C(F)(F)F)sc1COc1ccc(-c2nc(=O)o[nH]2)c(Cl)c1,5.173925197299173
2006-05-31,CPD_372,Oxadiazolone,Cc1nc(-c2ccc(C(F)(F)F)nc2)sc1[C@@H](OCc1ccc(-c2noc(=O)[nH]2)cc1)C(F)(F)F,7.804354595199503
2006-05-31,CPD_373,Oxadiazolone,CC[C@H](Oc1ccc(-c2noc(=O)[nH]2)c(OC(F)F)c1)c1sc(-c2ccc(C(F)(F)F)cc2)nc1C,10.000043438136396
2006-05-31,CPD_374,Thiadiazole,CCOc1cc(C(F)(F)F)ccc1C(=O)N[C@H]1Cc2ccc(S(=O)(=O)Nc3nnc(C(C)C)s3)cc2C1,9.5773038599884
2006-05-31,CPD_375,Thiadiazole,CCOc1cc(C(F)(F)F)ccc1C(=O)NC1Cc2cc(Cl)c(S(=O)(=O)Nc3nnc(C(C)C)s3)cc2C1,7.6151055214336125
2006-05-31,CPD_376,Thiadiazole,CCOc1cc(C(F)(F)F)ccc1C(=O)N[C@@H]1Cc2ccc(S(=O)(=O)Nc3nnc(C(C)C)s3)cc2C1,7.309422774669826
2006-05-31,CPD_377,Thiadiazole,CC(C)c1nnc(NS(=O)(=O)c2ccc(C3(CNc4ncc(Cl)cc4Cl)CCCCC3)cc2)s1,7.523067711629157
2006-05-31,CPD_378,Thiadiazole,CC(C)c1nnc(NS(=O)(=O)c2cc3c(cc2Cl)CC(Nc2ncc(C(F)(F)F)cc2Cl)C3)s1,6.117962698061204
2006-05-31,CPD_379,Thiadiazole,O=S(=O)(Nc1nnc(C(F)(F)F)s1)c1ccc(C2(CNc3ncc(C(F)(F)F)cc3Cl)CCCC2)cc1,6.868784891550019
2006-05-31,CPD_380,Thiadiazole,O=S(=O)(Nc1nnc(C(F)(F)F)s1)c1ccc([C@@H]2CCC[C@H]2Nc2ncc(C(F)(F)F)cc2Cl)cc1,6.025775255370278
2006-05-31,CPD_381,Oxadiazolone,CCC(F)(F)[C@H](OCc1ccc(-c2noc(=O)[nH]2)cc1)c1sc(-c2ccc(C(F)(F)F)nc2)nc1C,8.567618351801151
2006-05-31,CPD_382,Oxadiazolone,Cc1nc(-c2ccc(C#N)cc2)sc1COc1ccc(-c2nc(=O)o[nH]2)c(Cl)c1,5.827494295283172
2006-05-31,CPD_383,Oxadiazolone,CCC(F)(F)[C@@H](OCc1ccc(-c2noc(=O)[nH]2)cc1)c1sc(-c2ccc(C(F)(F)F)nc2)nc1C,6.432695671942758
2006-05-31,CPD_384,Thiadiazole,CCOc1cc(C(F)(F)F)ccc1C(=O)NCC1(c2ccc(S(=O)(=O)Nc3nnc(C(C)C)s3)cc2)CCCCC1,6.899331059753273
2006-06-02,CPD_385,Oxadiazolone,Cc1nc(-c2ccc(C(F)(F)F)cc2)sc1C(OCc1ccc(-c2noc(=O)[nH]2)cc1)C(F)(F)C1CC1,7.017614320832207
2006-08-22,CPD_386,Thiadiazole,CCOc1cc(C(F)(F)F)ccc1C(=O)NCC(C)(C)c1ccc(S(=O)(=O)Nc2nnc(C(F)(F)F)s2)cc1,6.632088547292945
2006-08-22,CPD_387,Thiadiazole,CC(C)c1nnc(NS(=O)(=O)c2ccc(CCNc3ncc(C(F)(F)F)cc3F)cc2)s1,8.012173218913425
2006-08-22,CPD_388,Thiadiazole,O=S(=O)(Nc1nnc(-c2ccccc2)s1)c1ccc2c(c1)CC(Nc1ncc(C(F)(F)F)cc1Cl)C2,4.90808198603661
2006-08-22,CPD_389,Thiadiazole,COc1cc(Cl)ccc1C(=O)NC1Cc2ccc(S(=O)(=O)Nc3nnc(C(C)C)s3)cc2C1,7.926571918487603
2006-08-22,CPD_390,Thiadiazole,Cc1cc(S(F)(F)(F)(F)F)ccc1C(=O)NC1Cc2ccc(S(=O)(=O)Nc3nnc(C(C)C)s3)cc2C1,5.3509398373286166
2006-08-22,CPD_391,Thiadiazole,O=S(=O)(Nc1nnc(C2CCCCC2)s1)c1ccc2c(c1)CC(Nc1ncc(C(F)(F)F)cc1Cl)C2,4.698970004336019
2006-08-22,CPD_392,Thiadiazole,CCOc1cc(C(F)(F)F)ccc1C(=O)NC1Cc2cc(F)c(S(=O)(=O)Nc3nnc(C(C)C)s3)cc2C1,8.155914929339316
2006-08-22,CPD_393,Thiadiazole,CCOc1cc(C(F)(F)F)ccc1C(=O)NCC1(c2ccc(S(=O)(=O)Nc3nnc(C(F)(F)F)s3)cc2)CCCC1,6.486183609439562
2006-08-22,CPD_394,Thiadiazole,O=S(=O)(Nc1nnc(C2CC2)s1)c1ccc2c(c1)CC(CNc1ncc(C(F)(F)F)cc1Cl)C2,5.15204986704359
2006-08-22,CPD_395,Thiadiazole,CC(C)c1nnc(NS(=O)(=O)c2ccc3c(c2)CC(NC(=O)c2ccc(Cl)cc2Cl)C3)s1,6.328713797513263
2006-08-22,CPD_396,Thiadiazole,CC(C)c1nnc(NS(=O)(=O)c2ccc3c(c2)CC(NC(=O)c2ccc(C(F)(F)F)c(F)c2F)C3)s1,7.022940250445827
2006-08-22,CPD_397,Thiadiazole,Cc1cc(Cl)ccc1C(=O)NC1Cc2ccc(S(=O)(=O)Nc3nnc(C(C)C)s3)cc2C1,5.474201665094729
2006-08-22,CPD_398,Thiadiazole,CCOc1cc(C(F)(F)F)ccc1C(=O)NCC1(c2ccc(S(=O)(=O)Nc3nnc(C(C)C)s3)cc2)CCC1,6.7780368441035845
2006-08-22,CPD_399,Thiadiazole,CCOc1cc(C(F)(F)F)ccc1C(=O)NC1Cc2ccc(S(=O)(=O)Nc3nnc(C4CC4)s3)cc2C1,7.728042259866406
2006-08-22,CPD_400,Thiadiazole,CCOc1cc(C(F)(F)F)sc1C(=O)NCCc1ccc(S(=O)(=O)Nc2nnc(C(C)C)s2)cc1,6.427162431554494
2006-08-22,CPD_401,Thiadiazole,CCOc1cc(C(F)(F)F)sc1C(=O)NCC1(c2ccc(S(=O)(=O)Nc3nnc(C(C)C)s3)cc2)CCC1,6.475341702303875
2006-08-22,CPD_402,Thiadiazole,CCOc1cc(C(F)(F)F)ccc1C(=O)NC1Cc2ccc(S(=O)(=O)Nc3nnc(C4CCCCC4)s3)cc2C1,7.542394288507348
2006-08-22,CPD_403,Thiadiazole,CC(C)c1nnc(NS(=O)(=O)c2ccc3c(c2)CC(NC(=O)c2cc(C(F)(F)F)ccc2Cl)C3)s1,5.089347935835864
2006-08-22,CPD_404,Thiadiazole,COc1cc2c(cc1S(=O)(=O)Nc1nnc(C(C)C)s1)CC(Nc1ncc(C(F)(F)F)cc1Cl)C2,4.698970004336019
2006-08-22,CPD_405,Oxadiazolone,CC[C@@H](Oc1cc(OC)c(-c2noc(=O)[nH]2)cc1F)c1sc(-c2ccc(C(F)(F)F)cc2)nc1C,9.265382457949553
2006-08-25,CPD_406,Thiadiazole,CC(C)c1nnc(NS(=O)(=O)c2ccc(C(C)(C)CNc3ncc(C(F)(F)F)cc3Cl)cc2)s1,7.269487364856242
2006-08-25,CPD_407,Thiadiazole,O=S(=O)(Nc1nnc(C(F)(F)F)s1)c1ccc2c(c1)CC(Nc1ncc(C(F)(F)F)cc1Cl)C2,5.617624902527233
2006-08-25,CPD_408,Oxadiazolone,CC1(C)CN(S(=O)(=O)c2ccc(-c3nc(=O)o[nH]3)c(Cl)c2)c2ccc(-c3ccc(C(F)(F)F)cc3)cc21,8.419727784233107
2006-08-25,CPD_409,Thiadiazole,CC(C)c1nnc(NS(=O)(=O)c2cc3c(cc2Cl)CC(NC(=O)Nc2ccc(C(F)(F)F)cc2Cl)C3)s1,7.775388493796931
2006-08-25,CPD_410,Oxadiazolone,CC1(C)CN(S(=O)(=O)c2ccc(-c3nc(=O)o[nH]3)cc2)c2ccc(-c3ccc(C(F)(F)F)cc3)cc21,7.947151699619558
2006-08-25,CPD_411,Oxadiazolone,CCC(F)(F)C(OCc1ccc(-c2noc(=O)[nH]2)cc1)c1sc(-c2ccc(C(F)(F)F)cc2)nc1C,7.127766704608556
2006-08-25,CPD_412,Thiadiazole,CC(C)c1nnc(NS(=O)(=O)c2ccc3c(c2)CC(NC(=O)c2ccc(C(F)(F)F)cc2F)C3)s1,7.214556684763047
2006-08-25,CPD_413,Oxadiazolone,CC[C@@H](Oc1ccc(-c2noc(=O)[nH]2)c(OC)c1)c1sc(-c2ccc(C(F)(F)F)cc2)nc1CN1CCC(C(F)(F)F)CC1,5.8897145194709015
2006-08-25,CPD_414,Thiadiazole,CCOc1cc(C(F)(F)F)sc1C(=O)NC1Cc2cc(Cl)c(S(=O)(=O)Nc3nnc(C(C)C)s3)cc2C1,7.189764618254386
2006-08-25,CPD_415,Oxadiazolone,CC[C@H](Oc1ccc(-c2noc(=O)[nH]2)c(OC)c1)c1sc(-c2ccc(C(F)(F)F)cc2)nc1CN1CCC(C(F)(F)F)CC1,7.663294159388102
2006-08-25,CPD_416,Oxadiazolone,CC[C@H](Oc1ccc(-c2noc(=O)[nH]2)c(OC)c1)c1sc([C@H]2CC[C@H](C(F)(F)F)CC2)nc1CN1CCC(C(F)(F)F)CC1,7.608431091331446
2006-08-25,CPD_417,Thiadiazole,CCOc1cc(C(F)(F)F)ccc1C(=O)NCC(C)(C)c1ccc(S(=O)(=O)Nc2nnc(C(C)C)s2)cc1,6.808862128809809
2006-08-25,CPD_418,Thiadiazole,CCOc1cc(C(F)(F)F)ccc1C(=O)NC1Cc2cc(OC)c(S(=O)(=O)Nc3nnc(C(C)C)s3)cc2C1,6.39556401848521
2006-08-25,CPD_419,Oxadiazolone,CC[C@@H](Oc1ccc(-c2noc(=O)[nH]2)c(OC)c1)c1sc([C@H]2CC[C@H](C(F)(F)F)CC2)nc1CN1CCC(C(F)(F)F)CC1,5.394623164809242
2006-08-25,CPD_420,Oxadiazolone,CC[C@@H](Oc1cc(OC(F)F)c(-c2noc(=O)[nH]2)cc1F)c1sc(-c2ccc(C(F)(F)F)cc2)nc1CN1CCC(C(F)(F)F)CC1,8.081038522663015
2006-08-25,CPD_421,Thiadiazole,CCOc1cc(C(F)(F)F)sc1C(=O)NC1Cc2ccc(S(=O)(=O)Nc3nnc(C(C)C)s3)cc2C1,7.373903043007624
2006-08-25,CPD_422,Thiadiazole,CCOc1cc(C(F)(F)F)sc1C(=O)NC1Cc2cc(OC)c(S(=O)(=O)Nc3nnc(C(C)C)s3)cc2C1,5.769475078642881
2006-08-25,CPD_423,Oxadiazolone,Cc1nc(-c2cc3ccccc3s2)sc1COc1ccc(-c2nc(=O)o[nH]2)c(Cl)c1,6.731711712390645
2006-09-01,CPD_424,Thiadiazole,CC(C)c1nnc(NS(=O)(=O)c2ccc3c(c2)C(C)C(Nc2ncc(C(F)(F)F)cc2Cl)C3)s1,5.015189434630634
2006-09-01,CPD_425,Oxadiazolone,CC[C@@H](Oc1cc(OC)c(-c2noc(=O)[nH]2)cc1F)c1sc([C@H]2CC[C@H](C(F)(F)F)CC2)nc1CN1CCC(C(F)(F)F)CC1,7.49852997017329
2006-09-01,CPD_426,Thiadiazole,O=S(=O)(Nc1nnc(C2CC2)s1)c1ccc2c(c1)CC(Nc1ncc(C(F)(F)F)cc1Cl)C2,5.280586867596546
2006-09-01,CPD_427,Thiadiazole,CCOc1cc(C(F)(F)F)ccc1C(=O)NC1Cc2ccc(S(=O)(=O)Nc3nnc(C(C)C)s3)cc2C1C,8.739261482676461
2006-09-01,CPD_428,Thiadiazole,Cc1cc2c(cc1S(=O)(=O)Nc1nnc(C(C)C)s1)CC(Nc1ncc(C(F)(F)F)cc1Cl)C2,6.035300791010172
2006-09-01,CPD_429,Thiadiazole,CC(C)c1nnc(NS(=O)(=O)c2ccc(C3(CNc4ncc(C(F)(F)F)cc4Cl)CCC3)cc2)s1,7.758052788522355
2006-09-01,CPD_430,Thiadiazole,CCOc1cc(C(F)(F)F)ccc1C(=O)NC1Cc2cc(OCC(F)(F)F)c(S(=O)(=O)Nc3nnc(C(C)C)s3)cc2C1,7.372482070624204
2006-09-01,CPD_431,Thiadiazole,CCOc1cc(C(F)(F)F)ccc1C(=O)NC1Cc2cc(C)c(S(=O)(=O)Nc3nnc(C(C)C)s3)cc2C1,7.64584419560891
2006-09-01,CPD_432,Thiadiazole,CC(C)c1nnc(NS(=O)(=O)c2cc3c(cc2OCC(F)(F)F)CC(Nc2ncc(C(F)(F)F)cc2Cl)C3)s1,4.95960899731951
2006-09-01,CPD_433,Oxadiazolone,CC[C@H](Oc1cc(OC)c(-c2noc(=O)[nH]2)cc1F)c1sc([C@H]2CC[C@H](C(F)(F)F)CC2)nc1CN1CCC(C(F)(F)F)CC1,5.127601347819614
2006-09-15,CPD_434,Thiadiazole,CCOc1cc(C(F)(F)F)ccc1C(=O)N[C@H]1C[C@@H]1c1ccc(S(=O)(=O)Nc2nnc(C(C)C)s2)cc1,5.359113037906015
2006-09-15,CPD_435,Thiadiazole,O=S(=O)(Nc1nnc(C(F)(F)F)s1)c1ccc(CCNc2ncc(C(F)(F)F)cc2Cl)cc1,6.7500491630656265
2006-09-15,CPD_436,Thiadiazole,O=S(=O)(Nc1nnc(C(F)(F)F)s1)c1ccc(CCNc2ncc(Cl)cc2Cl)cc1,6.5442671303894295
2006-09-15,CPD_437,Thiadiazole,CCCCCN(CCc1ccc(S(=O)(=O)Nc2nnc(C(C)C)s2)cc1)c1ncc(C(F)(F)F)cc1Cl,6.000896977443826
2006-09-15,CPD_438,Thiadiazole,O=S(=O)(Nc1nnc(C(F)F)s1)c1ccc(CCNc2ncc(C(F)(F)F)cc2Cl)cc1,7.027233052241615
2006-11-20,CPD_439,Thiadiazole,CCOc1cc(C(F)(F)F)ccc1C(=O)N[C@@H]1Cc2cc(Cl)c(S(=O)(=O)Nc3nnc(C(C)C)s3)cc2C1,8.236262636086613
2007-04-30,CPD_440,Thiadiazole,CCOc1cc(C(F)(F)F)ccc1C(=O)NCC(Cc1ccc(F)cc1)c1ccc(S(=O)(=O)Nc2nnc(C(C)C)s2)cc1,6.933206501662979
2007-04-30,CPD_441,Thiadiazole,CC(C)c1nnc(NS(=O)(=O)c2ccc3c(c2)CCC(Nc2ncc(C(F)(F)F)cc2Cl)CC3)s1,5.27076772508099
2007-04-30,CPD_442,Thiadiazole,CC(C)c1nnc(NS(=O)(=O)c2ccc(CCNc3ncc(C(F)(F)F)cc3Cl)s2)s1,7.263169789301351
2007-04-30,CPD_443,Oxadiazolone,CC[C@@H](Oc1cc(OC)c(-c2noc(=O)[nH]2)cc1F)c1sc([C@H]2CC[C@H](C(F)(F)F)CC2)nc1C,6.242114929764141
2007-04-30,CPD_444,Thiadiazole,CCOc1cc(C(F)(F)F)ccc1C(=O)NC1CCc2ccc(S(=O)(=O)Nc3nnc(C(C)C)s3)cc2CC1,5.547332711472073
2007-04-30,CPD_445,Oxadiazolone,CCCCc1nc(-c2ccc(C(F)(F)F)cc2)sc1COc1ccc(-c2noc(=O)[nH]2)c(O)c1,7.136943102087998
2007-04-30,CPD_446,Oxadiazolone,CCOCCN(Cc1ccc(-c2noc(=O)[nH]2)cc1)Cc1sc(-c2ccc(C(F)(F)F)cc2)nc1C,6.394724539595769
2007-05-22,CPD_447,Oxadiazolone,CCC(F)(F)[C@@H](OCc1ccc(-c2noc(=O)[nH]2)c2cccnc12)c1sc(-c2ccc(C(F)(F)F)nc2)nc1C,8.647781960694475
2007-05-22,CPD_448,Oxadiazolone,O=c1[nH]c(-c2ccc(CC3CCCN3c3nc4ccc(Cl)cc4s3)cc2)no1,5.0
2007-07-17,CPD_449,Oxadiazolone,O=c1[nH]c(-c2ccc(S(=O)(=O)N3CCCc4cc(-c5ccc(C(F)(F)F)cc5)ccc43)cc2)no1,8.633568016776696
2007-07-17,CPD_450,Oxadiazolone,Cc1ccc(-c2ccc3c(c2)CCN3S(=O)(=O)c2ccc(-c3noc(=O)[nH]3)cc2)nc1,6.328067725637905
2007-08-14,CPD_451,Oxadiazolone,O=c1[nH]c(-c2ccc(S(=O)(=O)N3CC4(CCOCC4)c4cc(-c5ccc(C(F)(F)F)cc5)ccc43)cc2)no1,8.054639161330416
2007-08-14,CPD_452,Oxadiazolone,O=c1[nH]c(-c2ccc(S(=O)(=O)N3CCc4cc(-c5ccc(C(F)(F)F)cn5)ccc43)cc2)no1,7.716337289048204
2007-08-28,CPD_453,Oxadiazolone,O=c1[nH]c(-c2ccc(S(=O)(=O)N3CCc4cc(-c5ccc(C(F)(F)F)cc5)cnc43)cc2)no1,6.832279667752529
2007-09-19,CPD_454,Oxadiazolone,O=c1[nH]c(-c2ccc(S(=O)(=O)N3CCc4cc(-c5ccc6c(c5)CCO6)ccc43)cc2)no1,5.995972131388414
2007-09-19,CPD_455,Oxadiazolone,COc1ncccc1-c1ccc2c(c1)CCN2S(=O)(=O)c1ccc(-c2noc(=O)[nH]2)cc1,5.173925197299173
2007-09-19,CPD_456,Oxadiazolone,O=c1[nH]c(-c2ccc(S(=O)(=O)N3CCc4cc(-c5ccc(C(F)(F)F)nc5)ccc43)cc2)no1,7.432751520443008
2007-09-20,CPD_457,Oxadiazolone,COc1ccc(-c2ccc3c(c2)CCN3S(=O)(=O)c2ccc(-c3noc(=O)[nH]3)cc2)cn1,6.64781924529113
2007-11-23,CPD_458,Oxadiazolone,O=c1[nH]c(-c2ccc(S(=O)(=O)N3CCc4cc(-c5ccc(C(F)(F)F)cc5)cnc43)cc2Cl)no1,7.567097115034291
2007-12-07,CPD_459,Oxadiazolone,CN1CCC2(CC1)CN(S(=O)(=O)c1ccc(-c3noc(=O)[nH]3)c(Cl)c1)c1ccc(-c3ccc(C(F)(F)F)cc3)cc12,6.826168040215224
2007-12-07,CPD_460,Oxadiazolone,O=c1[nH]c(-c2ccc(S(=O)(=O)N3CCSc4cc(-c5ccc(C(F)(F)F)cc5)ccc43)cc2Cl)no1,8.453368173670258
2007-12-07,CPD_461,Oxadiazolone,O=c1[nH]c(-c2ccc(S(=O)(=O)N3CCCc4cc(-c5ccc(C(F)(F)F)nc5)ccc43)cc2Cl)no1,8.259485745893791
2008-01-16,CPD_462,Oxadiazolone,CC[C@@H](OCc1ccc(-c2noc(=O)[nH]2)cc1)c1sc(-c2ccc(C(F)(F)F)cc2)nc1C,6.424066078857109
2008-01-16,CPD_463,Oxadiazolone,CC[C@H](OCc1ccc(-c2noc(=O)[nH]2)cc1)c1sc(-c2ccc(C(F)(F)F)cc2)nc1C,7.364828619407802
2008-02-14,CPD_464,Thiadiazole,CCC(Oc1ccc(S(=O)(=O)Nc2nnc(C(C)C)s2)cc1)c1sc(-c2ccc(C(F)(F)F)cc2)nc1C,6.167620321845829
2008-02-14,CPD_465,Oxadiazolone,NC1CCN(S(=O)(=O)c2ccc(-c3noc(=O)[nH]3)c(Cl)c2)c2ccc(-c3ccc(C(F)(F)F)cc3)cc21,6.660150034887618
2008-02-14,CPD_466,Oxadiazolone,CC1(C)CN(S(=O)(=O)c2ccc(-c3noc(=O)[nH]3)c(Cl)c2)c2ccc(-c3ccc(C(F)(F)F)nc3)cc21,7.625002750477984
2008-02-14,CPD_467,Oxadiazolone,O=c1[nH]c(-c2ccc(S(=O)(=O)N3CCNCc4cc(-c5ccc(C(F)(F)F)cc5)ccc43)cc2Cl)no1,6.304124635748411
2008-02-14,CPD_468,Arylsulfonamide,O=S(=O)(c1ccc(-c2noc(=S)[nH]2)cc1)N1CCc2cc(-c3ccc(C(F)(F)F)cc3)ccc21,7.180961172910688
2008-02-14,CPD_469,Oxadiazolone,CC1(C)CN(S(=O)(=O)c2ccc(-c3noc(=O)[nH]3)c(Cl)c2)c2ccc(-c3ccc(C(F)(F)F)cc3)nc21,8.592238923194204
2008-03-20,CPD_470,Oxadiazolone,CC1(C)CCN(S(=O)(=O)c2ccc(-c3noc(=O)[nH]3)c(Cl)c2)c2ccccc21,5.070440309943339
2008-03-20,CPD_471,Oxadiazolone,CC1(C)CCN(S(=O)(=O)c2ccc(-c3noc(=O)[nH]3)c(Cl)c2)c2ccc(-c3ccc(C(F)(F)F)nc3)cc21,7.726608376949852
2008-03-20,CPD_472,Oxadiazolone,CC1(C)CCN(S(=O)(=O)c2ccc(-c3noc(=O)[nH]3)c(Cl)c2)c2ccc(-c3ccc(C(F)(F)F)cc3)cc21,8.340491362235827
2008-04-02,CPD_473,Oxadiazolone,Cc1cc(-c2ccc(C(F)(F)F)cc2)cc2c1N(S(=O)(=O)c1ccc(-c3noc(=O)[nH]3)c(Cl)c1)CC2(C)C,8.846303146317377
2008-04-18,CPD_474,Oxadiazolone,O=c1[nH]c(-c2ccc(S(=O)(=O)N3CCCc4nc(-c5ccc(C(F)(F)F)cc5)ccc43)cc2Cl)no1,9.367027704769525
2008-04-18,CPD_475,Oxadiazolone,CC1(C)Cc2cc(-c3ccc(C(F)(F)F)cc3)ccc2N(S(=O)(=O)c2ccc(-c3noc(=O)[nH]3)c(Cl)c2)C1,8.769009229250312
2008-04-18,CPD_476,Oxadiazolone,CC1(C)OCC2(CO1)CN(S(=O)(=O)c1ccc(-c3noc(=O)[nH]3)c(Cl)c1)c1ccc(-c3ccc(C(F)(F)F)cc3)cc12,7.856095859027025
2008-05-16,CPD_477,Oxadiazolone,COc1cc(CN(Cc2sc(-c3ccc(C(F)(F)F)cc3)nc2C)CC(F)(F)F)ccc1-c1noc(=O)[nH]1,5.132321810773791
2008-05-16,CPD_478,Oxadiazolone,Cc1nc(-c2ccc(C(F)(F)F)cc2)sc1CN(Cc1ccc(-c2noc(=O)[nH]2)c(OCC(F)(F)F)c1)CC(F)(F)F,6.77660960213165
2008-06-20,CPD_479,Oxadiazolone,O=c1[nH]c(-c2ccc(S(=O)(=O)N3CCOc4nc(-c5ccc(C(F)(F)F)cc5)ccc43)cc2Cl)no1,7.82651923297472
2008-06-20,CPD_480,Oxadiazolone,CC1(C)CN(S(=O)(=O)c2ccc(Cc3noc(=O)[nH]3)cc2)c2ccc(-c3ccc(C(F)(F)F)cc3)cc21,8.122530089407006
2008-06-20,CPD_481,Arylsulfonamide,CC1(C)CN(S(=O)(=O)c2ccc(OCC(O)C(F)(F)F)c(Cl)c2)c2ccc(-c3ccc(C(F)(F)F)cc3)cc21,5.4440676457243535
2008-06-20,CPD_482,Arylsulfonamide,CC1(C)CN(S(=O)(=O)c2ccc(OCC(OCC(O)C(F)(F)F)C(F)(F)F)c(Cl)c2)c2ccc(-c3ccc(C(F)(F)F)cc3)cc21,4.896457688867861
2008-06-20,CPD_483,Oxadiazolone,CC1(C)Cc2cc(-c3ccc(C(F)(F)F)cc3)ccc2N(S(=O)(=O)c2ccc(-c3noc(=O)[nH]3)c(-c3ccoc3)c2)C1,9.327248273048612
2008-06-20,CPD_484,Oxadiazolone,CC1(C)Cc2cc(-c3ccc(C(F)(F)F)cc3)ccc2N(S(=O)(=O)c2ccc(-c3noc(=O)[nH]3)c(Br)c2)C1,9.049166989148818
2008-06-20,CPD_485,Oxadiazolone,CC1(C)Cc2cc(-c3ccc(C(F)(F)F)cc3)ccc2N(S(=O)(=O)c2ccc(-c3noc(=O)[nH]3)c(C3CC3)c2)C1,8.325066440705267
2008-06-20,CPD_486,Oxadiazolone,CC(C)Cc1cc(S(=O)(=O)N2CC(C)(C)Cc3cc(-c4ccc(C(F)(F)F)cc4)ccc32)ccc1-c1noc(=O)[nH]1,7.794808774840316
2008-06-27,CPD_487,Oxadiazolone,Cc1cc(S(=O)(=O)N2CC(C)(C)Cc3cc(-c4ccc(C(F)(F)F)cc4)ccc32)ccc1-c1noc(=O)[nH]1,8.801107675970398
2008-06-27,CPD_488,Oxadiazolone,CC1(C)CN(S(=O)(=O)c2ccc(-c3noc(=O)[nH]3)c(Br)c2)c2ccc(-c3ccc(C(F)(F)F)cc3)cc21,8.746283005452494
2008-06-27,CPD_489,Oxadiazolone,CCOc1cc(S(=O)(=O)N2CC(C)(C)Cc3cc(-c4ccc(C(F)(F)F)cc4)ccc32)ccc1-c1noc(=O)[nH]1,9.120089190873353
2008-06-27,CPD_490,Oxadiazolone,CC1(C)Cc2cc(-c3ccc(C(F)(F)F)cc3)ccc2N(S(=O)(=O)c2ccc(-c3noc(=O)[nH]3)c(F)c2)C1,8.952112301623938
2008-09-22,CPD_491,Oxadiazolone,COc1cc(S(=O)(=O)N2CC(C)(C)c3cc(-c4ccc(C(F)(F)F)cc4)ccc32)ccc1-c1noc(=O)[nH]1,8.87490592297351
2008-10-13,CPD_492,Arylsulfonamide,O=S(=O)(c1ccc(OC[C@H](O)C(F)(F)F)cc1)N1CCc2cc(-c3ccc(C(F)(F)F)cc3)ccc21,7.1666666790949405
2008-10-13,CPD_493,Arylsulfonamide,O=S(=O)(c1ccc(OC[C@@H](O)C(F)(F)F)cc1)N1CCc2cc(-c3ccc(C(F)(F)F)cc3)ccc21,6.195537164809003
2008-10-13,CPD_494,Arylsulfonamide,O=S(=O)(c1ccc(OCC(O)C(F)(F)F)cc1)N1CCc2cc(-c3ccc(C(F)(F)F)cc3)ccc21,6.824789178019657
2008-10-29,CPD_495,Carboxylate,C[C@@H]1CN(c2ccc(OC(F)(F)F)cc2)C[C@H](C)N1S(=O)(=O)c1cccc2c1C[C@@H](C(=O)O)C2,8.704648067886554
2008-10-29,CPD_496,Carboxylate,C[C@@H]1CN(c2ccc(OC(F)(F)F)cc2)C[C@H](C)N1S(=O)(=O)c1cccc2c1C[C@H](C(=O)O)C2,7.143888446410411
2008-10-29,CPD_497,Oxadiazolone,CC1(C)CN(S(=O)(=O)c2ccc(-c3noc(=O)[nH]3)c(OCC(F)(F)F)c2)c2ccc(-c3ccc(C(F)(F)F)cc3)cc21,9.568699028066115
